-- MySQL dump 10.17  Distrib 10.3.11-MariaDB, for osx10.13 (x86_64)
--
-- Host: 127.0.0.1    Database: survey
-- ------------------------------------------------------
-- Server version	10.3.11-MariaDB

/*!40101 SET @OLD_CHARACTER_SET_CLIENT=@@CHARACTER_SET_CLIENT */;
/*!40101 SET @OLD_CHARACTER_SET_RESULTS=@@CHARACTER_SET_RESULTS */;
/*!40101 SET @OLD_COLLATION_CONNECTION=@@COLLATION_CONNECTION */;
/*!40101 SET NAMES utf8mb4 */;
/*!40103 SET @OLD_TIME_ZONE=@@TIME_ZONE */;
/*!40103 SET TIME_ZONE='+00:00' */;
/*!40014 SET @OLD_UNIQUE_CHECKS=@@UNIQUE_CHECKS, UNIQUE_CHECKS=0 */;
/*!40014 SET @OLD_FOREIGN_KEY_CHECKS=@@FOREIGN_KEY_CHECKS, FOREIGN_KEY_CHECKS=0 */;
/*!40101 SET @OLD_SQL_MODE=@@SQL_MODE, SQL_MODE='NO_AUTO_VALUE_ON_ZERO' */;
/*!40111 SET @OLD_SQL_NOTES=@@SQL_NOTES, SQL_NOTES=0 */;

--
-- Table structure for table `cities`
--

DROP TABLE IF EXISTS `cities`;
/*!40101 SET @saved_cs_client     = @@character_set_client */;
/*!40101 SET character_set_client = utf8 */;
CREATE TABLE `cities` (
  `city` varchar(50) NOT NULL,
  `country` varchar(50) DEFAULT NULL,
  `is_russian_city` tinyint(1) DEFAULT NULL,
  PRIMARY KEY (`city`)
) ENGINE=InnoDB DEFAULT CHARSET=utf8mb4;
/*!40101 SET character_set_client = @saved_cs_client */;

--
-- Dumping data for table `cities`
--

LOCK TABLES `cities` WRITE;
/*!40000 ALTER TABLE `cities` DISABLE KEYS */;
INSERT INTO `cities` VALUES ('Ижевск','Россия',1),('Иннополис','Россия',1),('Казань','Россия',1),('Калуга','Россия',1),('Кострома','Россия',1),('Краснодар','Россия',1),('Красноярск','Россия',1),('Крым','Россия',1),('Москва','Россия',1),('Орел','Россия',1),('Оренбург','Россия',1),('Самара','Россия',1),('Санкт-Петербург','Россия',1),('Саратов','Россия',1),('Томск','Россия',1),('Тула','Россия',1),('Ульяновск','Россия',1);
/*!40000 ALTER TABLE `cities` ENABLE KEYS */;
UNLOCK TABLES;

--
-- Table structure for table `data`
--

DROP TABLE IF EXISTS `data`;
/*!40101 SET @saved_cs_client     = @@character_set_client */;
/*!40101 SET character_set_client = utf8 */;
CREATE TABLE `data` (
  `respondent_id` bigint(20) NOT NULL,
  `channel` varchar(50) DEFAULT NULL,
  `speciality` varchar(50) DEFAULT NULL,
  `level` varchar(50) DEFAULT NULL,
  `experience` varchar(50) DEFAULT NULL,
  `age` varchar(50) DEFAULT NULL,
  PRIMARY KEY (`respondent_id`)
) ENGINE=InnoDB DEFAULT CHARSET=utf8mb4;
/*!40101 SET character_set_client = @saved_cs_client */;

--
-- Dumping data for table `data`
--

LOCK TABLES `data` WRITE;
/*!40000 ALTER TABLE `data` DISABLE KEYS */;
INSERT INTO `data` VALUES (10302374735,'dotnet.ru','backend-разработчик','больше, чем senior','','от 23 до 35 лет'),(10302487302,'dotnet.ru','backend-разработчик','больше, чем senior','от 5 лет','от 23 до 35 лет'),(10302493102,'dotnet.ru','backend-разработчик','junior','до 2 лет','от 17 до 23 лет'),(10302533813,'dotnet.ru','','','',''),(10302822252,'dotnet.ru','','','',''),(10302834073,'dotnet.ru','backend-разработчик','больше, чем senior','от 5 лет','от 23 до 35 лет'),(10303183902,'dotnet.ru','','','',''),(10303184333,'dotnet.ru','backend-разработчик','junior','от 2 до 5 лет','от 17 до 23 лет'),(10303187855,'dotnet.ru','backend-разработчик','middle','от 2 до 5 лет','от 23 до 35 лет'),(10303189069,'dotnet.ru','','','',''),(10303199169,'dotnet.ru','','','',''),(10303200298,'dotnet.ru','fullstack-разработчик','senior','от 5 лет','от 23 до 35 лет'),(10303200395,'dotnet.ru','backend-разработчик','middle','от 5 лет','от 23 до 35 лет'),(10303200875,'dotnet.ru','backend-разработчик','middle','от 2 до 5 лет','от 23 до 35 лет'),(10303208091,'dotnet.ru','backend-разработчик','middle','от 5 лет','от 23 до 35 лет'),(10303208999,'dotnet.ru','backend-разработчик','senior','от 5 лет','от 23 до 35 лет'),(10303218929,'dotnet.ru','руководитель','больше, чем senior','от 5 лет','от 23 до 35 лет'),(10303221627,'dotnet.ru','fullstack-разработчик','senior','от 5 лет','от 23 до 35 лет'),(10303286326,'dotnet.ru','fullstack-разработчик','middle','от 2 до 5 лет','от 23 до 35 лет'),(10303362203,'dotnet.ru','backend-разработчик','middle','от 2 до 5 лет','от 23 до 35 лет'),(10303429036,'dotnet.ru','backend-разработчик','middle','от 2 до 5 лет','от 23 до 35 лет'),(10303431732,'dotnet.ru','','','',''),(10303451846,'dotnet.ru','backend-разработчик','middle','от 2 до 5 лет','от 23 до 35 лет'),(10303462647,'dotnet.ru','fullstack-разработчик','middle','от 5 лет','от 23 до 35 лет'),(10303487841,'dotnet.ru','','','',''),(10303532564,'dotnet.ru','backend-разработчик','senior','от 5 лет','от 23 до 35 лет'),(10303718294,'dotnet.ru','frontend-разработчик','middle','',''),(10303753729,'dotnet.ru','fullstack-разработчик','middle','от 5 лет','от 23 до 35 лет'),(10303759916,'dotnet.ru','','','',''),(10303771566,'dotnet.ru','fullstack-разработчик','middle','от 2 до 5 лет','от 23 до 35 лет'),(10303913031,'dotnet.ru','','','',''),(10303975691,'dotnet.ru','fullstack-разработчик','middle','от 5 лет','от 23 до 35 лет'),(10304242210,'dotnet.ru','','','',''),(10305023919,'dotnet.ru','','','',''),(10305160717,'dotnet.ru','','','',''),(10305240503,'dotnet.ru','backend-разработчик','junior','до 2 лет','от 23 до 35 лет'),(10305636896,'dotnet.ru','','','',''),(10305988788,'dotnet.ru','менеджер продукта','junior','от 5 лет','от 23 до 35 лет'),(10306202296,'dotnet.ru','backend-разработчик','junior','от 2 до 5 лет','от 23 до 35 лет'),(10307352111,'dotnet.ru','fullstack-разработчик','middle','от 2 до 5 лет','от 23 до 35 лет'),(10307497737,'dotnet.ru','аналитик','нет опыта','до 2 лет',''),(10308655072,'dotnet.ru','','','',''),(10308942960,'dotnet.ru','backend-разработчик','middle','от 5 лет','от 23 до 35 лет'),(10308993721,'dotnet.ru','','middle','от 2 до 5 лет','от 23 до 35 лет'),(10309737635,'dotnet.ru','','','',''),(10309738565,'dotnet.ru','backend-разработчик','junior','до 2 лет','от 23 до 35 лет'),(10309739128,'dotnet.ru','backend-разработчик','junior','до 2 лет','от 17 до 23 лет'),(10309742992,'dotnet.ru','','','',''),(10309763123,'dotnet.ru','backend-разработчик','junior','до 2 лет','от 17 до 23 лет'),(10309774370,'dotnet.ru','','','',''),(10309836384,'dotnet.ru','','','',''),(10309869850,'dotnet.ru','fullstack-разработчик','senior','от 5 лет','от 23 до 35 лет'),(10309914852,'dotnet.ru','','','',''),(10309963862,'dotnet.ru','','','',''),(10309999414,'dotnet.ru','backend-разработчик','senior','от 5 лет','от 23 до 35 лет'),(10310339449,'dotnet.ru','backend-разработчик','senior','от 5 лет','от 23 до 35 лет'),(10311560270,'dotnet.ru','','','',''),(10318496146,'dotnet.ru','fullstack-разработчик','junior','до 2 лет','от 17 до 23 лет'),(10318496198,'dotnet.ru','backend-разработчик','middle','от 2 до 5 лет','от 23 до 35 лет'),(10318496234,'dotnet.ru','backend-разработчик','senior','от 5 лет','от 23 до 35 лет'),(10318496410,'dotnet.ru','fullstack-разработчик','middle','от 5 лет','от 23 до 35 лет'),(10318496582,'dotnet.ru','backend-разработчик','middle','от 5 лет','от 23 до 35 лет'),(10318496646,'dotnet.ru','backend-разработчик','middle','от 2 до 5 лет','от 23 до 35 лет'),(10318496863,'dotnet.ru','','','',''),(10318497216,'dotnet.ru','fullstack-разработчик','middle','от 2 до 5 лет','от 23 до 35 лет'),(10318498610,'dotnet.ru','backend-разработчик','middle','от 2 до 5 лет','от 23 до 35 лет'),(10318499917,'dotnet.ru','fullstack-разработчик','middle','от 5 лет','от 23 до 35 лет'),(10318500997,'dotnet.ru','fullstack-разработчик','больше, чем senior','от 5 лет','от 23 до 35 лет'),(10318502365,'dotnet.ru','fullstack-разработчик','junior','до 2 лет','от 17 до 23 лет'),(10318502685,'dotnet.ru','руководитель','больше, чем senior','от 5 лет','от 23 до 35 лет'),(10318505967,'dotnet.ru','fullstack-разработчик','middle','от 2 до 5 лет','от 23 до 35 лет'),(10318509180,'dotnet.ru','менеджер команды разработки','больше, чем senior','от 5 лет','от 23 до 35 лет'),(10318509422,'dotnet.ru','','','',''),(10318511108,'dotnet.ru','','','',''),(10318515260,'dotnet.ru','backend-разработчик','middle','от 2 до 5 лет','от 23 до 35 лет'),(10318517200,'dotnet.ru','fullstack-разработчик','middle','от 2 до 5 лет','от 23 до 35 лет'),(10318520021,'dotnet.ru','fullstack-разработчик','senior','от 5 лет','от 23 до 35 лет'),(10318524468,'dotnet.ru','backend-разработчик','middle','от 2 до 5 лет','от 17 до 23 лет'),(10318525009,'dotnet.ru','fullstack-разработчик','больше, чем senior','от 5 лет','от 23 до 35 лет'),(10318536469,'dotnet.ru','frontend-разработчик','senior','от 5 лет','от 35 до 50 лет'),(10318538361,'dotnet.ru','','','',''),(10318548838,'dotnet.ru','fullstack-разработчик','junior','от 5 лет','от 23 до 35 лет'),(10318559756,'dotnet.ru','backend-разработчик','middle','от 5 лет','от 23 до 35 лет'),(10318579217,'dotnet.ru','backend-разработчик','junior','','от 17 до 23 лет'),(10318579294,'dotnet.ru','','','',''),(10318601842,'dotnet.ru','fullstack-разработчик','middle','от 2 до 5 лет','от 23 до 35 лет'),(10318606102,'dotnet.ru','fullstack-разработчик','middle','от 5 лет','от 23 до 35 лет'),(10318611399,'dotnet.ru','','','',''),(10318616343,'dotnet.ru','','','',''),(10318648983,'dotnet.ru','fullstack-разработчик','junior','','от 17 до 23 лет'),(10318666519,'dotnet.ru','backend-разработчик','senior','от 5 лет','от 23 до 35 лет'),(10318670622,'dotnet.ru','','','',''),(10318694833,'dotnet.ru','backend-разработчик','больше, чем senior','от 5 лет','от 23 до 35 лет'),(10318744314,'dotnet.ru','fullstack-разработчик','middle','до 2 лет','от 23 до 35 лет'),(10318752351,'dotnet.ru','fullstack-разработчик','больше, чем senior','от 5 лет','от 23 до 35 лет'),(10318786415,'dotnet.ru','','','',''),(10318799126,'dotnet.ru','','','',''),(10318904415,'dotnet.ru','','больше, чем senior','от 5 лет','от 23 до 35 лет'),(10318910138,'dotnet.ru','','','',''),(10318911518,'dotnet.ru','','','',''),(10318922796,'dotnet.ru','','','',''),(10319578625,'dotnet.ru','fullstack-разработчик','senior','от 5 лет','от 23 до 35 лет'),(10319672213,'dotnet.ru','fullstack-разработчик','senior','от 2 до 5 лет','от 23 до 35 лет'),(10319872776,'dotnet.ru','backend-разработчик','middle','до 2 лет','от 23 до 35 лет'),(10320164461,'dotnet.ru','fullstack-разработчик','junior','до 2 лет','от 23 до 35 лет'),(10320172172,'dotnet.ru','backend-разработчик','','от 2 до 5 лет','от 23 до 35 лет'),(10320196998,'dotnet.ru','fullstack-разработчик','senior','','от 23 до 35 лет'),(10321007386,'dotnet.ru','руководитель','senior','от 5 лет','от 23 до 35 лет'),(10321246046,'dotnet.ru','','junior','','от 23 до 35 лет'),(10321340041,'dotnet.ru','','junior','до 2 лет','от 17 до 23 лет'),(10321518349,'dotnet.ru','','','',''),(10322509719,'dotnet.ru','fullstack-разработчик','junior','до 2 лет','от 23 до 35 лет'),(10322779387,'dotnet.ru','backend-разработчик','middle','от 5 лет','от 23 до 35 лет'),(10323779620,'dotnet.ru','fullstack-разработчик','middle','от 5 лет','от 35 до 50 лет'),(10323986972,'dotnet.ru','backend-разработчик','junior','до 2 лет','от 17 до 23 лет'),(10326945978,'dotnet.ru','backend-разработчик','middle','от 2 до 5 лет','от 23 до 35 лет'),(10331232435,'dotnet.ru','','','',''),(10331305159,'dotnet.ru','backend-разработчик','middle','от 5 лет','от 23 до 35 лет'),(10331314756,'dotnet.ru','','','',''),(10331325853,'dotnet.ru','тестировщик','middle','от 5 лет','от 23 до 35 лет'),(10331328310,'dotnet.ru','backend-разработчик','middle','от 2 до 5 лет','от 23 до 35 лет'),(10331333264,'dotnet.ru','backend-разработчик','senior','от 5 лет','от 23 до 35 лет'),(10331364746,'dotnet.ru','backend-разработчик','junior','от 2 до 5 лет','от 17 до 23 лет'),(10331450851,'dotnet.ru','backend-разработчик','middle','от 2 до 5 лет','от 23 до 35 лет'),(10331477331,'dotnet.ru','','','',''),(10331477338,'dotnet.ru','тестировщик','middle','от 2 до 5 лет','от 23 до 35 лет'),(10331497916,'dotnet.ru','dev-ops инженер','junior','от 5 лет','от 23 до 35 лет'),(10331503530,'dotnet.ru','backend-разработчик','middle','от 2 до 5 лет','от 23 до 35 лет'),(10331577594,'dotnet.ru','backend-разработчик','senior','от 5 лет','от 23 до 35 лет'),(10331604230,'dotnet.ru','','','',''),(10331605111,'dotnet.ru','backend-разработчик','senior','от 5 лет','от 23 до 35 лет'),(10331622145,'dotnet.ru','backend-разработчик','middle','от 5 лет','от 23 до 35 лет'),(10331667693,'dotnet.ru','fullstack-разработчик','middle','от 2 до 5 лет','от 23 до 35 лет'),(10331691426,'dotnet.ru','backend-разработчик','больше, чем senior','от 5 лет','от 23 до 35 лет'),(10331748680,'dotnet.ru','','','',''),(10331780104,'dotnet.ru','backend-разработчик','middle','от 2 до 5 лет','от 23 до 35 лет'),(10332869017,'dotnet.ru','backend-разработчик','senior','от 5 лет','от 23 до 35 лет'),(10333035934,'dotnet.ru','backend-разработчик','больше, чем senior','от 5 лет','от 23 до 35 лет'),(10333668201,'dotnet.ru','frontend-разработчик','middle','до 2 лет','от 23 до 35 лет'),(10334391350,'dotnet.ru','backend-разработчик','middle','от 2 до 5 лет','от 23 до 35 лет'),(10337325482,'dotnet.ru','backend-разработчик','middle','от 2 до 5 лет','от 23 до 35 лет'),(10338469088,'dotnet.ru','backend-разработчик','middle','от 5 лет','от 23 до 35 лет'),(10359999480,'dotnet.ru','backend-разработчик','senior','от 5 лет','от 23 до 35 лет'),(10362173034,'dotnet.ru','backend-разработчик','senior','от 5 лет','от 35 до 50 лет'),(10370419288,'dotnet.ru','fullstack-разработчик','senior','от 5 лет','от 23 до 35 лет'),(10391607005,'dotnet.ru','тестировщик','middle','','от 50 лет'),(10393142376,'dotnet.ru','backend-разработчик','junior','',''),(10394644008,'dotnet.ru','','','',''),(10394816554,'dotnet.ru','fullstack-разработчик','senior','',''),(10397455468,'dotnet.ru','fullstack-разработчик','больше, чем senior','от 5 лет','от 23 до 35 лет');
/*!40000 ALTER TABLE `data` ENABLE KEYS */;
UNLOCK TABLES;

--
-- Table structure for table `data_to_cities`
--

DROP TABLE IF EXISTS `data_to_cities`;
/*!40101 SET @saved_cs_client     = @@character_set_client */;
/*!40101 SET character_set_client = utf8 */;
CREATE TABLE `data_to_cities` (
  `respondent_id` bigint(20) NOT NULL,
  `city` varchar(50) NOT NULL,
  PRIMARY KEY (`respondent_id`,`city`)
) ENGINE=InnoDB DEFAULT CHARSET=utf8mb4;
/*!40101 SET character_set_client = @saved_cs_client */;

--
-- Dumping data for table `data_to_cities`
--

LOCK TABLES `data_to_cities` WRITE;
/*!40000 ALTER TABLE `data_to_cities` DISABLE KEYS */;
INSERT INTO `data_to_cities` VALUES (10302374735,'Саратов'),(10302487302,'Красноярск'),(10302493102,'Санкт-Петербург'),(10302533813,'Санкт-Петербург'),(10302822252,'Москва'),(10302834073,'Казань'),(10303183902,'Москва'),(10303184333,'Москва'),(10303187855,'Москва'),(10303189069,'Санкт-Петербург'),(10303199169,'Москва'),(10303200298,'Москва'),(10303200395,'Москва'),(10303200875,'Москва'),(10303208091,'Крым'),(10303208999,'Москва'),(10303218929,'Москва'),(10303221627,'Москва'),(10303286326,'Москва'),(10303362203,'Москва'),(10303429036,'Москва'),(10303431732,'Москва'),(10303451846,'Москва'),(10303462647,'Москва'),(10303487841,'Москва'),(10303532564,'Москва'),(10303718294,'Москва'),(10303753729,'Санкт-Петербург'),(10303759916,'Москва'),(10303771566,'Самара'),(10303913031,'Москва'),(10303975691,'Москва'),(10304242210,'Санкт-Петербург'),(10305023919,'Краснодар'),(10305160717,'Красноярск'),(10305240503,'Москва'),(10305636896,'Москва'),(10305988788,'Ульяновск'),(10306202296,'Москва'),(10307352111,'Москва'),(10307497737,'Краснодар'),(10308655072,'Москва'),(10308942960,'Москва'),(10308993721,'Москва'),(10309737635,'Орел'),(10309738565,'Саратов'),(10309739128,'Саратов'),(10309742992,'Санкт-Петербург'),(10309763123,'Оренбург'),(10309774370,'Краснодар'),(10309836384,'Москва'),(10309869850,'Санкт-Петербург'),(10309914852,'Санкт-Петербург'),(10309963862,'Санкт-Петербург'),(10309999414,'Москва'),(10310339449,'Санкт-Петербург'),(10311560270,'Москва'),(10318496146,'Казань'),(10318496198,'Казань'),(10318496234,'Казань'),(10318496410,'Казань'),(10318496582,'Казань'),(10318496646,'Казань'),(10318496863,'Казань'),(10318497216,'Казань'),(10318498610,'Казань'),(10318499917,'Казань'),(10318500997,'Казань'),(10318502365,'Казань'),(10318502685,'Казань'),(10318505967,'Казань'),(10318509180,'Казань'),(10318509422,'Казань'),(10318511108,'Казань'),(10318515260,'Казань'),(10318517200,'Казань'),(10318520021,'Казань'),(10318524468,'Казань'),(10318525009,'Казань'),(10318536469,'Казань'),(10318538361,'Казань'),(10318548838,'Казань'),(10318559756,'Казань'),(10318579217,'Казань'),(10318579294,'Казань'),(10318601842,'Казань'),(10318606102,'Казань'),(10318611399,'Казань'),(10318616343,'Казань'),(10318648983,'Томск'),(10318666519,'Казань'),(10318670622,'Казань'),(10318694833,'Казань'),(10318744314,'Казань'),(10318752351,'Казань'),(10318786415,'Казань'),(10318799126,'Казань'),(10318904415,'Казань'),(10318910138,'Казань'),(10318911518,'Казань'),(10318922796,'Москва'),(10319578625,'Казань'),(10319672213,'Казань'),(10319872776,'Казань'),(10320164461,'Казань'),(10320172172,'Иннополис'),(10320196998,'Казань'),(10321007386,'Казань'),(10321246046,'Казань'),(10321340041,'Казань'),(10321518349,'Ижевск'),(10322509719,'Казань'),(10322779387,'Казань'),(10323779620,'Москва'),(10323986972,'Казань'),(10326945978,'Санкт-Петербург'),(10331232435,'Москва'),(10331305159,'Санкт-Петербург'),(10331314756,'Тула'),(10331325853,'Санкт-Петербург'),(10331328310,'Санкт-Петербург'),(10331333264,'Санкт-Петербург'),(10331364746,'Санкт-Петербург'),(10331450851,'Санкт-Петербург'),(10331477331,'Калуга'),(10331477338,'Санкт-Петербург'),(10331497916,'Санкт-Петербург'),(10331503530,'Санкт-Петербург'),(10331577594,'Санкт-Петербург'),(10331604230,'Санкт-Петербург'),(10331605111,'Санкт-Петербург'),(10331622145,'Санкт-Петербург'),(10331667693,'Санкт-Петербург'),(10331691426,'Санкт-Петербург'),(10331748680,'Санкт-Петербург'),(10331780104,'Санкт-Петербург'),(10332869017,'Санкт-Петербург'),(10333035934,'Санкт-Петербург'),(10333668201,'Санкт-Петербург'),(10334391350,'Санкт-Петербург'),(10337325482,'Санкт-Петербург'),(10338469088,'Казань'),(10359999480,'Москва'),(10362173034,'Москва'),(10370419288,'Москва'),(10391607005,'Кострома'),(10393142376,'Крым'),(10394644008,'Казань'),(10394816554,'Санкт-Петербург'),(10397455468,'Казань');
/*!40000 ALTER TABLE `data_to_cities` ENABLE KEYS */;
UNLOCK TABLES;

--
-- Table structure for table `data_to_companies`
--

DROP TABLE IF EXISTS `data_to_companies`;
/*!40101 SET @saved_cs_client     = @@character_set_client */;
/*!40101 SET character_set_client = utf8 */;
CREATE TABLE `data_to_companies` (
  `respondent_id` bigint(20) NOT NULL,
  `company` varchar(50) NOT NULL,
  `isKnown` tinyint(1) DEFAULT NULL,
  `isWanted` tinyint(1) DEFAULT NULL,
  PRIMARY KEY (`respondent_id`,`company`)
) ENGINE=InnoDB DEFAULT CHARSET=utf8mb4;
/*!40101 SET character_set_client = @saved_cs_client */;

--
-- Dumping data for table `data_to_companies`
--

LOCK TABLES `data_to_companies` WRITE;
/*!40000 ALTER TABLE `data_to_companies` DISABLE KEYS */;
INSERT INTO `data_to_companies` VALUES (10302374735,'2ГИС',1,0),(10302374735,'Avito',1,0),(10302374735,'Badoo',1,0),(10302374735,'DINS',1,0),(10302374735,'EPAM',1,1),(10302374735,'Facebook',1,0),(10302374735,'Fast Reports',1,0),(10302374735,'Google',1,0),(10302374735,'JetBrains',1,0),(10302374735,'Kaspersky Lab',1,0),(10302374735,'Mail.ru',1,0),(10302374735,'Microsoft',1,0),(10302374735,'Postgres Pro',1,0),(10302374735,'Wrike',1,0),(10302374735,'Альфа-Банк',1,0),(10302374735,'Вконтакте',1,0),(10302374735,'Контур',1,0),(10302374735,'Одноклассники',1,0),(10302374735,'Тинькофф',1,0),(10302374735,'ЦФТ',1,0),(10302374735,'Экстрим про',1,0),(10302374735,'Яндекс',1,0),(10302487302,'2ГИС',1,1),(10302487302,'Avito',1,1),(10302487302,'Badoo',1,0),(10302487302,'EPAM',1,1),(10302487302,'Facebook',1,0),(10302487302,'Fast Reports',1,0),(10302487302,'Google',1,1),(10302487302,'JetBrains',1,1),(10302487302,'Kaspersky Lab',1,1),(10302487302,'Mail.ru',1,0),(10302487302,'Microsoft',1,1),(10302487302,'Postgres Pro',1,0),(10302487302,'Wrike',1,0),(10302487302,'Альфа-Банк',1,1),(10302487302,'Вконтакте',1,0),(10302487302,'Контур',1,0),(10302487302,'Одноклассники',1,0),(10302487302,'Тинькофф',1,1),(10302487302,'ЦФТ',1,0),(10302487302,'Яндекс',1,1),(10302493102,'2ГИС',1,1),(10302493102,'Avito',1,1),(10302493102,'Badoo',1,1),(10302493102,'EPAM',1,1),(10302493102,'Facebook',1,1),(10302493102,'Google',1,1),(10302493102,'JetBrains',1,1),(10302493102,'Kaspersky Lab',1,1),(10302493102,'Mail.ru',1,1),(10302493102,'Microsoft',1,1),(10302493102,'Nexign',1,0),(10302493102,'Альфа-Банк',1,1),(10302493102,'Вконтакте',1,1),(10302493102,'Контур',1,0),(10302493102,'Одноклассники',1,1),(10302493102,'Тинькофф',1,1),(10302493102,'Яндекс',1,1),(10302822252,'2ГИС',1,1),(10302822252,'Avito',1,0),(10302822252,'Badoo',1,0),(10302822252,'EPAM',1,0),(10302822252,'Facebook',1,1),(10302822252,'Fast Reports',1,0),(10302822252,'Google',1,0),(10302822252,'JetBrains',1,1),(10302822252,'Kaspersky Lab',1,0),(10302822252,'Mail.ru',1,0),(10302822252,'Microsoft',1,0),(10302822252,'Postgres Pro',1,0),(10302822252,'Альфа-Банк',1,0),(10302822252,'Вконтакте',1,0),(10302822252,'Контур',1,0),(10302822252,'Одноклассники',1,0),(10302822252,'Тинькофф',1,0),(10302822252,'ЦФТ',1,0),(10302822252,'Яндекс',1,0),(10302834073,'2ГИС',1,0),(10302834073,'Avito',1,0),(10302834073,'Badoo',1,0),(10302834073,'EPAM',1,0),(10302834073,'Facebook',1,0),(10302834073,'Fast Reports',1,0),(10302834073,'Google',1,0),(10302834073,'ICL',1,1),(10302834073,'JetBrains',1,1),(10302834073,'Kaspersky Lab',1,0),(10302834073,'Mail.ru',1,0),(10302834073,'Microsoft',1,1),(10302834073,'Postgres Pro',1,0),(10302834073,'Wrike',1,0),(10302834073,'Аквелон',1,0),(10302834073,'Альфа-Банк',1,0),(10302834073,'БАРС Груп',1,0),(10302834073,'Вконтакте',1,0),(10302834073,'Контур',1,1),(10302834073,'Одноклассники',1,0),(10302834073,'Такснет',1,0),(10302834073,'Тинькофф',1,0),(10302834073,'ЦФТ',1,0),(10302834073,'Яндекс',1,1),(10303184333,'2ГИС',1,0),(10303184333,'Avito',1,0),(10303184333,'Badoo',1,1),(10303184333,'EPAM',1,0),(10303184333,'Facebook',1,0),(10303184333,'Google',1,0),(10303184333,'JetBrains',1,1),(10303184333,'Kaspersky Lab',1,0),(10303184333,'Mail.ru',1,0),(10303184333,'Microsoft',1,1),(10303184333,'Альфа-Банк',1,0),(10303184333,'Вконтакте',1,0),(10303184333,'Контур',1,0),(10303184333,'Одноклассники',1,0),(10303184333,'Тинькофф',1,0),(10303184333,'Яндекс',1,0),(10303187855,'2ГИС',1,0),(10303187855,'Avito',1,0),(10303187855,'Badoo',1,0),(10303187855,'EPAM',1,0),(10303187855,'Facebook',1,0),(10303187855,'Fast Reports',1,0),(10303187855,'Google',1,0),(10303187855,'JetBrains',1,1),(10303187855,'Kaspersky Lab',1,0),(10303187855,'Mail.ru',1,0),(10303187855,'Microsoft',1,0),(10303187855,'Альфа-Банк',1,1),(10303187855,'Вконтакте',1,0),(10303187855,'Контур',1,1),(10303187855,'Одноклассники',1,0),(10303187855,'Тинькофф',1,0),(10303187855,'Яндекс',1,0),(10303189069,'2ГИС',1,1),(10303189069,'Avito',1,0),(10303189069,'Badoo',1,0),(10303189069,'DINS',1,0),(10303189069,'EPAM',1,1),(10303189069,'Facebook',1,1),(10303189069,'Fast Reports',1,0),(10303189069,'Google',1,1),(10303189069,'JetBrains',1,1),(10303189069,'Kaspersky Lab',1,0),(10303189069,'Mail.ru',1,0),(10303189069,'Microsoft',1,1),(10303189069,'Nexign',1,0),(10303189069,'Postgres Pro',1,0),(10303189069,'Wrike',1,0),(10303189069,'Альфа-Банк',1,0),(10303189069,'Вконтакте',1,1),(10303189069,'Контур',1,0),(10303189069,'Одноклассники',1,0),(10303189069,'Тинькофф',1,0),(10303189069,'ЦФТ',1,0),(10303189069,'Яндекс',1,0),(10303199169,'2ГИС',1,0),(10303199169,'Avito',1,0),(10303199169,'Badoo',1,0),(10303199169,'EPAM',1,0),(10303199169,'Facebook',1,1),(10303199169,'Google',1,1),(10303199169,'JetBrains',1,0),(10303199169,'Kaspersky Lab',1,0),(10303199169,'Mail.ru',1,0),(10303199169,'Microsoft',1,1),(10303199169,'Альфа-Банк',1,0),(10303199169,'Вконтакте',1,0),(10303199169,'Контур',1,0),(10303199169,'Одноклассники',1,0),(10303199169,'Тинькофф',1,0),(10303199169,'Яндекс',1,0),(10303200298,'2ГИС',1,0),(10303200298,'Avito',1,1),(10303200298,'Badoo',1,0),(10303200298,'EPAM',1,0),(10303200298,'Facebook',1,1),(10303200298,'Google',1,1),(10303200298,'JetBrains',1,1),(10303200298,'Kaspersky Lab',1,0),(10303200298,'Mail.ru',1,0),(10303200298,'Microsoft',1,1),(10303200298,'Postgres Pro',1,0),(10303200298,'Wrike',1,0),(10303200298,'Альфа-Банк',1,0),(10303200298,'Вконтакте',1,1),(10303200298,'Контур',1,0),(10303200298,'Одноклассники',1,0),(10303200298,'Тинькофф',1,0),(10303200298,'Яндекс',1,0),(10303200395,'Avito',1,1),(10303200395,'Badoo',1,1),(10303200395,'Facebook',1,1),(10303200395,'Google',1,1),(10303200395,'JetBrains',1,1),(10303200395,'Mail.ru',1,1),(10303200395,'Microsoft',1,1),(10303200395,'Альфа-Банк',1,1),(10303200395,'Тинькофф',1,1),(10303200395,'Яндекс',1,1),(10303200875,'2ГИС',1,1),(10303200875,'Avito',1,1),(10303200875,'Badoo',1,1),(10303200875,'EPAM',1,0),(10303200875,'Facebook',1,0),(10303200875,'Google',1,1),(10303200875,'JetBrains',1,1),(10303200875,'Kaspersky Lab',1,1),(10303200875,'Mail.ru',1,0),(10303200875,'Microsoft',1,1),(10303200875,'Postgres Pro',1,0),(10303200875,'Альфа-Банк',1,0),(10303200875,'Вконтакте',1,0),(10303200875,'Контур',1,1),(10303200875,'Одноклассники',1,0),(10303200875,'Тинькофф',1,1),(10303200875,'Яндекс',1,1),(10303208091,'2ГИС',1,0),(10303208091,'Avito',1,0),(10303208091,'Badoo',1,0),(10303208091,'EPAM',1,0),(10303208091,'Facebook',1,0),(10303208091,'Google',1,0),(10303208091,'JetBrains',1,0),(10303208091,'Kaspersky Lab',1,0),(10303208091,'Mail.ru',1,0),(10303208091,'Microsoft',1,1),(10303208091,'Альфа-Банк',1,0),(10303208091,'Вконтакте',1,0),(10303208091,'Контур',1,0),(10303208091,'Одноклассники',1,0),(10303208091,'Тинькофф',1,0),(10303208091,'Экстрим про',1,0),(10303208091,'Яндекс',1,0),(10303208999,'2ГИС',1,0),(10303208999,'Avito',1,1),(10303208999,'Badoo',1,0),(10303208999,'DINS',1,0),(10303208999,'EPAM',1,0),(10303208999,'Facebook',1,1),(10303208999,'Fast Reports',1,0),(10303208999,'Google',1,1),(10303208999,'JetBrains',1,1),(10303208999,'Kaspersky Lab',1,0),(10303208999,'Mail.ru',1,0),(10303208999,'Microsoft',1,0),(10303208999,'Альфа-Банк',1,0),(10303208999,'Вконтакте',1,1),(10303208999,'Контур',1,0),(10303208999,'Одноклассники',1,0),(10303208999,'Тинькофф',1,0),(10303208999,'Яндекс',1,1),(10303218929,'2ГИС',1,0),(10303218929,'Avito',1,0),(10303218929,'Badoo',1,0),(10303218929,'EPAM',1,0),(10303218929,'Facebook',1,0),(10303218929,'Fast Reports',1,0),(10303218929,'Google',1,0),(10303218929,'JetBrains',1,1),(10303218929,'Kaspersky Lab',1,0),(10303218929,'Mail.ru',1,0),(10303218929,'Microsoft',1,0),(10303218929,'Postgres Pro',1,0),(10303218929,'Wrike',1,0),(10303218929,'Альфа-Банк',1,0),(10303218929,'Вконтакте',1,0),(10303218929,'Контур',1,0),(10303218929,'Одноклассники',1,0),(10303218929,'Тинькофф',1,0),(10303218929,'Яндекс',1,0),(10303221627,'2ГИС',1,0),(10303221627,'Avito',1,0),(10303221627,'EPAM',1,0),(10303221627,'Facebook',1,0),(10303221627,'Fast Reports',1,0),(10303221627,'Google',1,0),(10303221627,'Kaspersky Lab',1,0),(10303221627,'Mail.ru',1,1),(10303221627,'Microsoft',1,0),(10303221627,'Postgres Pro',1,0),(10303221627,'Wrike',1,1),(10303221627,'Альфа-Банк',1,1),(10303221627,'Вконтакте',1,1),(10303221627,'Контур',1,0),(10303221627,'Одноклассники',1,0),(10303221627,'Тинькофф',1,1),(10303221627,'Яндекс',1,0),(10303286326,'2ГИС',1,1),(10303286326,'Avito',1,1),(10303286326,'Badoo',1,0),(10303286326,'EPAM',1,0),(10303286326,'Facebook',1,1),(10303286326,'Google',1,1),(10303286326,'JetBrains',1,1),(10303286326,'Kaspersky Lab',1,0),(10303286326,'Mail.ru',1,0),(10303286326,'Microsoft',1,1),(10303286326,'Postgres Pro',1,0),(10303286326,'Альфа-Банк',1,0),(10303286326,'Вконтакте',1,0),(10303286326,'Контур',1,1),(10303286326,'Одноклассники',1,0),(10303286326,'Тинькофф',1,0),(10303286326,'Яндекс',1,1),(10303362203,'2ГИС',1,0),(10303362203,'Avito',1,0),(10303362203,'Badoo',1,0),(10303362203,'Facebook',1,0),(10303362203,'Google',1,1),(10303362203,'JetBrains',1,0),(10303362203,'Kaspersky Lab',1,0),(10303362203,'Mail.ru',1,0),(10303362203,'Microsoft',1,1),(10303362203,'Альфа-Банк',1,0),(10303362203,'Вконтакте',1,0),(10303362203,'Одноклассники',1,0),(10303362203,'Тинькофф',1,0),(10303362203,'Яндекс',1,1),(10303429036,'2ГИС',1,0),(10303429036,'Avito',1,0),(10303429036,'Badoo',1,0),(10303429036,'EPAM',1,0),(10303429036,'Facebook',1,0),(10303429036,'Fast Reports',1,0),(10303429036,'Google',1,0),(10303429036,'JetBrains',1,1),(10303429036,'Kaspersky Lab',1,0),(10303429036,'Mail.ru',1,0),(10303429036,'Microsoft',1,1),(10303429036,'Postgres Pro',1,0),(10303429036,'Wrike',1,0),(10303429036,'Альфа-Банк',1,0),(10303429036,'Вконтакте',1,0),(10303429036,'Контур',1,0),(10303429036,'Одноклассники',1,0),(10303429036,'Тинькофф',1,0),(10303429036,'Яндекс',1,0),(10303451846,'2ГИС',1,1),(10303451846,'Avito',1,1),(10303451846,'Badoo',1,0),(10303451846,'Facebook',1,1),(10303451846,'Fast Reports',1,0),(10303451846,'Google',1,1),(10303451846,'JetBrains',1,0),(10303451846,'Kaspersky Lab',1,1),(10303451846,'Mail.ru',1,1),(10303451846,'Microsoft',1,1),(10303451846,'Postgres Pro',1,0),(10303451846,'Альфа-Банк',1,0),(10303451846,'Вконтакте',1,1),(10303451846,'Одноклассники',1,0),(10303451846,'Тинькофф',1,0),(10303451846,'Яндекс',1,1),(10303462647,'2ГИС',1,0),(10303462647,'Avito',1,1),(10303462647,'Badoo',1,1),(10303462647,'EPAM',1,0),(10303462647,'Facebook',1,1),(10303462647,'Fast Reports',1,0),(10303462647,'Google',1,1),(10303462647,'JetBrains',1,1),(10303462647,'Kaspersky Lab',1,0),(10303462647,'Mail.ru',1,1),(10303462647,'Microsoft',1,1),(10303462647,'Альфа-Банк',1,1),(10303462647,'Вконтакте',1,0),(10303462647,'Контур',1,1),(10303462647,'Одноклассники',1,0),(10303462647,'Тинькофф',1,0),(10303462647,'Яндекс',1,1),(10303487841,'2ГИС',1,0),(10303487841,'Avito',1,0),(10303487841,'Badoo',1,0),(10303487841,'EPAM',1,0),(10303487841,'Facebook',1,1),(10303487841,'Google',1,1),(10303487841,'JetBrains',1,1),(10303487841,'Kaspersky Lab',1,0),(10303487841,'Mail.ru',1,1),(10303487841,'Microsoft',1,1),(10303487841,'Postgres Pro',1,0),(10303487841,'Альфа-Банк',1,0),(10303487841,'Вконтакте',1,0),(10303487841,'Контур',1,0),(10303487841,'Одноклассники',1,0),(10303487841,'Тинькофф',1,0),(10303487841,'ЦФТ',1,0),(10303487841,'Яндекс',1,1),(10303532564,'2ГИС',1,0),(10303532564,'Google',1,1),(10303532564,'JetBrains',1,0),(10303532564,'Kaspersky Lab',1,0),(10303532564,'Mail.ru',1,0),(10303532564,'Microsoft',1,0),(10303532564,'Альфа-Банк',1,1),(10303532564,'Вконтакте',1,0),(10303532564,'Одноклассники',1,0),(10303532564,'Тинькофф',1,1),(10303532564,'Яндекс',1,1),(10303718294,'2ГИС',1,0),(10303718294,'Avito',1,0),(10303718294,'Badoo',1,0),(10303718294,'EPAM',1,0),(10303718294,'Facebook',1,1),(10303718294,'Google',1,1),(10303718294,'JetBrains',1,1),(10303718294,'Kaspersky Lab',1,1),(10303718294,'Mail.ru',1,0),(10303718294,'Microsoft',1,1),(10303718294,'Postgres Pro',1,0),(10303718294,'Альфа-Банк',1,0),(10303718294,'Вконтакте',1,0),(10303718294,'Контур',1,0),(10303718294,'Одноклассники',1,0),(10303718294,'Тинькофф',1,0),(10303718294,'Яндекс',1,1),(10303753729,'2ГИС',1,0),(10303753729,'Avito',1,0),(10303753729,'Badoo',1,0),(10303753729,'EPAM',1,0),(10303753729,'Facebook',1,0),(10303753729,'Google',1,0),(10303753729,'JetBrains',1,1),(10303753729,'Kaspersky Lab',1,0),(10303753729,'Mail.ru',1,0),(10303753729,'Microsoft',1,1),(10303753729,'Postgres Pro',1,0),(10303753729,'Wrike',1,0),(10303753729,'Альфа-Банк',1,0),(10303753729,'Вконтакте',1,0),(10303753729,'Контур',1,0),(10303753729,'Одноклассники',1,0),(10303753729,'Тинькофф',1,0),(10303753729,'Яндекс',1,0),(10303759916,'2ГИС',1,0),(10303759916,'Avito',1,0),(10303759916,'Badoo',1,0),(10303759916,'EPAM',1,0),(10303759916,'Facebook',1,0),(10303759916,'Fast Reports',1,0),(10303759916,'Google',1,0),(10303759916,'JetBrains',1,0),(10303759916,'Kaspersky Lab',1,0),(10303759916,'Mail.ru',1,1),(10303759916,'Microsoft',1,1),(10303759916,'Postgres Pro',1,0),(10303759916,'Альфа-Банк',1,0),(10303759916,'Вконтакте',1,0),(10303759916,'Контур',1,0),(10303759916,'Одноклассники',1,0),(10303759916,'Тинькофф',1,0),(10303759916,'Яндекс',1,1),(10303771566,'2ГИС',1,0),(10303771566,'Avito',1,0),(10303771566,'Badoo',1,0),(10303771566,'EPAM',1,0),(10303771566,'Facebook',1,0),(10303771566,'Google',1,0),(10303771566,'JetBrains',1,1),(10303771566,'Kaspersky Lab',1,0),(10303771566,'Mail.ru',1,0),(10303771566,'Microsoft',1,1),(10303771566,'Postgres Pro',1,0),(10303771566,'Wrike',1,0),(10303771566,'Альфа-Банк',1,0),(10303771566,'Вконтакте',1,0),(10303771566,'Контур',1,0),(10303771566,'Одноклассники',1,0),(10303771566,'Тинькофф',1,0),(10303771566,'ЦФТ',1,0),(10303771566,'Яндекс',1,0),(10303913031,'2ГИС',1,0),(10303913031,'Avito',1,0),(10303913031,'Badoo',1,0),(10303913031,'DINS',1,0),(10303913031,'EPAM',1,0),(10303913031,'Facebook',1,1),(10303913031,'Fast Reports',1,0),(10303913031,'Google',1,1),(10303913031,'JetBrains',1,0),(10303913031,'Kaspersky Lab',1,1),(10303913031,'Mail.ru',1,1),(10303913031,'Microsoft',1,1),(10303913031,'Postgres Pro',1,0),(10303913031,'Wrike',1,0),(10303913031,'Альфа-Банк',1,0),(10303913031,'Вконтакте',1,0),(10303913031,'Контур',1,0),(10303913031,'Одноклассники',1,0),(10303913031,'Тинькофф',1,0),(10303913031,'ЦФТ',1,0),(10303913031,'Яндекс',1,1),(10303975691,'2ГИС',1,0),(10303975691,'Avito',1,1),(10303975691,'Badoo',1,0),(10303975691,'EPAM',1,0),(10303975691,'Facebook',1,1),(10303975691,'Google',1,1),(10303975691,'JetBrains',1,1),(10303975691,'Kaspersky Lab',1,0),(10303975691,'Mail.ru',1,0),(10303975691,'Microsoft',1,1),(10303975691,'Альфа-Банк',1,0),(10303975691,'Вконтакте',1,0),(10303975691,'Контур',1,0),(10303975691,'Одноклассники',1,0),(10303975691,'Тинькофф',1,1),(10303975691,'Яндекс',1,1),(10305023919,'2ГИС',1,0),(10305023919,'Avito',1,1),(10305023919,'Facebook',1,0),(10305023919,'Google',1,1),(10305023919,'Kaspersky Lab',1,0),(10305023919,'Mail.ru',1,0),(10305023919,'Microsoft',1,0),(10305023919,'Альфа-Банк',1,0),(10305023919,'Вконтакте',1,1),(10305023919,'Контур',1,0),(10305023919,'Одноклассники',1,0),(10305023919,'Тинькофф',1,0),(10305023919,'Яндекс',1,0),(10305240503,'2ГИС',1,0),(10305240503,'Avito',1,1),(10305240503,'Badoo',1,0),(10305240503,'Facebook',1,1),(10305240503,'Google',1,1),(10305240503,'JetBrains',1,1),(10305240503,'Kaspersky Lab',1,1),(10305240503,'Mail.ru',1,1),(10305240503,'Microsoft',1,1),(10305240503,'Postgres Pro',1,0),(10305240503,'Альфа-Банк',1,0),(10305240503,'Вконтакте',1,0),(10305240503,'Одноклассники',1,0),(10305240503,'Тинькофф',1,0),(10305240503,'Яндекс',1,1),(10305988788,'2ГИС',1,0),(10305988788,'Avito',1,0),(10305988788,'Facebook',1,0),(10305988788,'Google',1,0),(10305988788,'Kaspersky Lab',1,0),(10305988788,'Mail.ru',1,0),(10305988788,'Microsoft',1,0),(10305988788,'Альфа-Банк',1,0),(10305988788,'Вконтакте',1,0),(10305988788,'Одноклассники',1,0),(10305988788,'Тинькофф',1,0),(10305988788,'Яндекс',1,0),(10306202296,'JetBrains',1,0),(10306202296,'Kaspersky Lab',1,0),(10306202296,'Тинькофф',1,0),(10306202296,'Яндекс',1,1),(10307352111,'2ГИС',1,1),(10307352111,'Avito',1,0),(10307352111,'Badoo',1,0),(10307352111,'EPAM',1,0),(10307352111,'Facebook',1,0),(10307352111,'Google',1,1),(10307352111,'JetBrains',1,0),(10307352111,'Kaspersky Lab',1,0),(10307352111,'Mail.ru',1,0),(10307352111,'Microsoft',1,1),(10307352111,'Postgres Pro',1,0),(10307352111,'Альфа-Банк',1,0),(10307352111,'Вконтакте',1,0),(10307352111,'Контур',1,0),(10307352111,'Одноклассники',1,0),(10307352111,'Тинькофф',1,0),(10307352111,'Яндекс',1,0),(10307497737,'2ГИС',1,0),(10307497737,'Avito',1,0),(10307497737,'Facebook',1,0),(10307497737,'Google',1,1),(10307497737,'Kaspersky Lab',1,0),(10307497737,'Mail.ru',1,0),(10307497737,'Microsoft',1,1),(10307497737,'Альфа-Банк',1,0),(10307497737,'Вконтакте',1,0),(10307497737,'Одноклассники',1,0),(10307497737,'Тинькофф',1,0),(10307497737,'Яндекс',1,1),(10308655072,'2ГИС',1,0),(10308655072,'Avito',1,0),(10308655072,'Badoo',1,0),(10308655072,'EPAM',1,0),(10308655072,'Facebook',1,1),(10308655072,'Fast Reports',1,0),(10308655072,'Google',1,1),(10308655072,'JetBrains',1,0),(10308655072,'Kaspersky Lab',1,1),(10308655072,'Mail.ru',1,0),(10308655072,'Microsoft',1,1),(10308655072,'Postgres Pro',1,0),(10308655072,'Альфа-Банк',1,1),(10308655072,'Вконтакте',1,0),(10308655072,'Контур',1,0),(10308655072,'Одноклассники',1,0),(10308655072,'Тинькофф',1,0),(10308655072,'Яндекс',1,0),(10308942960,'2ГИС',1,0),(10308942960,'Avito',1,1),(10308942960,'Badoo',1,1),(10308942960,'EPAM',1,0),(10308942960,'Facebook',1,1),(10308942960,'Google',1,1),(10308942960,'JetBrains',1,1),(10308942960,'Kaspersky Lab',1,1),(10308942960,'Mail.ru',1,1),(10308942960,'Microsoft',1,1),(10308942960,'Альфа-Банк',1,1),(10308942960,'Вконтакте',1,0),(10308942960,'Контур',1,0),(10308942960,'Одноклассники',1,0),(10308942960,'Тинькофф',1,1),(10308942960,'Яндекс',1,1),(10308993721,'2ГИС',1,1),(10308993721,'Avito',1,0),(10308993721,'Badoo',1,0),(10308993721,'EPAM',1,0),(10308993721,'Facebook',1,1),(10308993721,'Fast Reports',1,0),(10308993721,'Google',1,1),(10308993721,'JetBrains',1,1),(10308993721,'Kaspersky Lab',1,0),(10308993721,'Mail.ru',1,0),(10308993721,'Microsoft',1,1),(10308993721,'Альфа-Банк',1,0),(10308993721,'Вконтакте',1,1),(10308993721,'Контур',1,0),(10308993721,'Одноклассники',1,0),(10308993721,'Тинькофф',1,1),(10308993721,'ЦФТ',1,0),(10308993721,'Яндекс',1,1),(10309738565,'2ГИС',1,1),(10309738565,'Avito',1,1),(10309738565,'Badoo',1,0),(10309738565,'EPAM',1,0),(10309738565,'Facebook',1,0),(10309738565,'Google',1,1),(10309738565,'JetBrains',1,0),(10309738565,'Kaspersky Lab',1,0),(10309738565,'Mail.ru',1,0),(10309738565,'Microsoft',1,1),(10309738565,'Альфа-Банк',1,0),(10309738565,'Вконтакте',1,1),(10309738565,'Одноклассники',1,0),(10309738565,'Тинькофф',1,1),(10309738565,'Яндекс',1,0),(10309739128,'EPAM',1,1),(10309739128,'Google',1,0),(10309739128,'JetBrains',1,0),(10309739128,'Microsoft',1,1),(10309739128,'Контур',1,0),(10309739128,'Яндекс',1,0),(10309763123,'2ГИС',1,0),(10309763123,'Avito',1,1),(10309763123,'DINS',1,0),(10309763123,'Facebook',1,0),(10309763123,'Google',1,1),(10309763123,'JetBrains',1,1),(10309763123,'Kaspersky Lab',1,0),(10309763123,'Microsoft',1,1),(10309763123,'Wrike',1,1),(10309763123,'Вконтакте',1,0),(10309763123,'Одноклассники',1,0),(10309763123,'Тинькофф',1,0),(10309763123,'Яндекс',1,1),(10309869850,'2ГИС',1,0),(10309869850,'Avito',1,0),(10309869850,'Badoo',1,0),(10309869850,'EPAM',1,0),(10309869850,'Facebook',1,0),(10309869850,'Google',1,0),(10309869850,'JetBrains',1,0),(10309869850,'Kaspersky Lab',1,0),(10309869850,'Mail.ru',1,0),(10309869850,'Microsoft',1,1),(10309869850,'Nexign',1,0),(10309869850,'Альфа-Банк',1,1),(10309869850,'Вконтакте',1,0),(10309869850,'Контур',1,0),(10309869850,'Одноклассники',1,0),(10309869850,'Тинькофф',1,1),(10309869850,'Яндекс',1,0),(10309999414,'2ГИС',1,1),(10309999414,'Avito',1,0),(10309999414,'Badoo',1,0),(10309999414,'EPAM',1,0),(10309999414,'Facebook',1,0),(10309999414,'Fast Reports',1,0),(10309999414,'Google',1,1),(10309999414,'JetBrains',1,0),(10309999414,'Kaspersky Lab',1,0),(10309999414,'Mail.ru',1,0),(10309999414,'Microsoft',1,0),(10309999414,'Wrike',1,0),(10309999414,'Альфа-Банк',1,0),(10309999414,'Вконтакте',1,0),(10309999414,'Контур',1,1),(10309999414,'Одноклассники',1,0),(10309999414,'Тинькофф',1,1),(10309999414,'Яндекс',1,1),(10310339449,'2ГИС',1,0),(10310339449,'Avito',1,0),(10310339449,'Badoo',1,0),(10310339449,'DINS',1,1),(10310339449,'EPAM',1,0),(10310339449,'Facebook',1,0),(10310339449,'Fast Reports',1,0),(10310339449,'Google',1,0),(10310339449,'JetBrains',1,0),(10310339449,'Kaspersky Lab',1,0),(10310339449,'Mail.ru',1,0),(10310339449,'Microsoft',1,0),(10310339449,'Postgres Pro',1,0),(10310339449,'Wrike',1,0),(10310339449,'Альфа-Банк',1,0),(10310339449,'Вконтакте',1,0),(10310339449,'Контур',1,1),(10310339449,'Одноклассники',1,1),(10310339449,'Тинькофф',1,0),(10310339449,'Яндекс',1,1),(10311560270,'2ГИС',1,1),(10311560270,'Avito',1,1),(10311560270,'Badoo',1,0),(10311560270,'EPAM',1,1),(10311560270,'Facebook',1,1),(10311560270,'Fast Reports',1,0),(10311560270,'Google',1,1),(10311560270,'JetBrains',1,1),(10311560270,'Kaspersky Lab',1,1),(10311560270,'Mail.ru',1,0),(10311560270,'Microsoft',1,1),(10311560270,'Postgres Pro',1,0),(10311560270,'Альфа-Банк',1,1),(10311560270,'Вконтакте',1,1),(10311560270,'Контур',1,0),(10311560270,'Одноклассники',1,0),(10311560270,'Тинькофф',1,0),(10311560270,'Яндекс',1,1),(10318496146,'2ГИС',1,1),(10318496146,'Avito',1,0),(10318496146,'Facebook',1,1),(10318496146,'Google',1,1),(10318496146,'ICL',1,0),(10318496146,'JetBrains',1,1),(10318496146,'Kaspersky Lab',1,0),(10318496146,'Mail.ru',1,1),(10318496146,'Microsoft',1,1),(10318496146,'Альфа-Банк',1,0),(10318496146,'БАРС Груп',1,1),(10318496146,'Вконтакте',1,1),(10318496146,'Контур',1,0),(10318496146,'Одноклассники',1,0),(10318496146,'Тинькофф',1,0),(10318496146,'Яндекс',1,1),(10318496198,'2ГИС',1,0),(10318496198,'Avito',1,0),(10318496198,'Facebook',1,1),(10318496198,'Google',1,1),(10318496198,'ICL',1,0),(10318496198,'JetBrains',1,1),(10318496198,'Kaspersky Lab',1,0),(10318496198,'Mail.ru',1,0),(10318496198,'Microsoft',1,1),(10318496198,'Postgres Pro',1,0),(10318496198,'Аквелон',1,1),(10318496198,'Альфа-Банк',1,0),(10318496198,'БАРС Груп',1,0),(10318496198,'Вконтакте',1,0),(10318496198,'Контур',1,0),(10318496198,'Одноклассники',1,0),(10318496198,'Тинькофф',1,0),(10318496198,'Яндекс',1,1),(10318496234,'2ГИС',1,1),(10318496234,'Avito',1,0),(10318496234,'Badoo',1,0),(10318496234,'EPAM',1,0),(10318496234,'Facebook',1,0),(10318496234,'Fast Reports',1,0),(10318496234,'Google',1,0),(10318496234,'ICL',1,0),(10318496234,'JetBrains',1,1),(10318496234,'Kaspersky Lab',1,0),(10318496234,'Mail.ru',1,0),(10318496234,'Microsoft',1,0),(10318496234,'Postgres Pro',1,0),(10318496234,'Аквелон',1,0),(10318496234,'Альфа-Банк',1,0),(10318496234,'БАРС Груп',1,0),(10318496234,'Вконтакте',1,0),(10318496234,'Контур',1,0),(10318496234,'Одноклассники',1,0),(10318496234,'Такснет',1,0),(10318496234,'Тинькофф',1,1),(10318496234,'Яндекс',1,0),(10318496410,'2ГИС',1,1),(10318496410,'Avito',1,1),(10318496410,'Badoo',1,0),(10318496410,'Facebook',1,1),(10318496410,'Google',1,1),(10318496410,'ICL',1,0),(10318496410,'JetBrains',1,1),(10318496410,'Kaspersky Lab',1,0),(10318496410,'Mail.ru',1,1),(10318496410,'Microsoft',1,1),(10318496410,'Аквелон',1,1),(10318496410,'Альфа-Банк',1,0),(10318496410,'БАРС Груп',1,0),(10318496410,'Вконтакте',1,1),(10318496410,'Контур',1,0),(10318496410,'Одноклассники',1,0),(10318496410,'Такснет',1,0),(10318496410,'Тинькофф',1,1),(10318496410,'Яндекс',1,1),(10318496582,'2ГИС',1,1),(10318496582,'Avito',1,0),(10318496582,'Badoo',1,0),(10318496582,'Facebook',1,1),(10318496582,'Fast Reports',1,0),(10318496582,'Google',1,1),(10318496582,'ICL',1,0),(10318496582,'JetBrains',1,1),(10318496582,'Kaspersky Lab',1,0),(10318496582,'Mail.ru',1,0),(10318496582,'Microsoft',1,1),(10318496582,'Postgres Pro',1,0),(10318496582,'Аквелон',1,0),(10318496582,'Альфа-Банк',1,1),(10318496582,'БАРС Груп',1,0),(10318496582,'Вконтакте',1,1),(10318496582,'Контур',1,1),(10318496582,'Одноклассники',1,0),(10318496582,'Тинькофф',1,1),(10318496582,'Яндекс',1,1),(10318496646,'2ГИС',1,0),(10318496646,'Avito',1,0),(10318496646,'Badoo',1,0),(10318496646,'EPAM',1,1),(10318496646,'Facebook',1,0),(10318496646,'Google',1,1),(10318496646,'ICL',1,0),(10318496646,'JetBrains',1,1),(10318496646,'Kaspersky Lab',1,1),(10318496646,'Mail.ru',1,0),(10318496646,'Microsoft',1,1),(10318496646,'Postgres Pro',1,0),(10318496646,'Аквелон',1,1),(10318496646,'Альфа-Банк',1,1),(10318496646,'БАРС Груп',1,0),(10318496646,'Вконтакте',1,0),(10318496646,'Контур',1,1),(10318496646,'Одноклассники',1,0),(10318496646,'Такснет',1,0),(10318496646,'Тинькофф',1,1),(10318496646,'Яндекс',1,1),(10318496863,'2ГИС',1,0),(10318496863,'Avito',1,0),(10318496863,'Badoo',1,0),(10318496863,'EPAM',1,0),(10318496863,'Facebook',1,0),(10318496863,'Google',1,0),(10318496863,'ICL',1,0),(10318496863,'JetBrains',1,0),(10318496863,'Kaspersky Lab',1,0),(10318496863,'Mail.ru',1,0),(10318496863,'Microsoft',1,0),(10318496863,'Postgres Pro',1,0),(10318496863,'Альфа-Банк',1,0),(10318496863,'БАРС Груп',1,0),(10318496863,'Вконтакте',1,0),(10318496863,'Контур',1,0),(10318496863,'Одноклассники',1,0),(10318496863,'Такснет',1,0),(10318496863,'Тинькофф',1,0),(10318496863,'Яндекс',1,0),(10318497216,'2ГИС',1,1),(10318497216,'Avito',1,1),(10318497216,'Badoo',1,0),(10318497216,'Facebook',1,1),(10318497216,'Google',1,1),(10318497216,'Kaspersky Lab',1,1),(10318497216,'Mail.ru',1,1),(10318497216,'Microsoft',1,1),(10318497216,'Postgres Pro',1,1),(10318497216,'Альфа-Банк',1,1),(10318497216,'БАРС Груп',1,1),(10318497216,'Вконтакте',1,1),(10318497216,'Яндекс',1,1),(10318498610,'2ГИС',1,0),(10318498610,'Avito',1,0),(10318498610,'Badoo',1,0),(10318498610,'EPAM',1,0),(10318498610,'Facebook',1,0),(10318498610,'Google',1,0),(10318498610,'ICL',1,0),(10318498610,'JetBrains',1,0),(10318498610,'Kaspersky Lab',1,0),(10318498610,'Mail.ru',1,0),(10318498610,'Microsoft',1,0),(10318498610,'Альфа-Банк',1,0),(10318498610,'БАРС Груп',1,0),(10318498610,'Вконтакте',1,0),(10318498610,'Контур',1,0),(10318498610,'Одноклассники',1,0),(10318498610,'Тинькофф',1,0),(10318498610,'Яндекс',1,0),(10318499917,'2ГИС',1,0),(10318499917,'Avito',1,0),(10318499917,'Facebook',1,0),(10318499917,'Google',1,1),(10318499917,'ICL',1,0),(10318499917,'JetBrains',1,0),(10318499917,'Kaspersky Lab',1,0),(10318499917,'Mail.ru',1,0),(10318499917,'Microsoft',1,1),(10318499917,'Аквелон',1,0),(10318499917,'Альфа-Банк',1,0),(10318499917,'БАРС Груп',1,0),(10318499917,'Вконтакте',1,0),(10318499917,'Контур',1,0),(10318499917,'Одноклассники',1,0),(10318499917,'Такснет',1,0),(10318499917,'Тинькофф',1,0),(10318499917,'Яндекс',1,1),(10318500997,'2ГИС',1,0),(10318500997,'Avito',1,0),(10318500997,'Badoo',1,0),(10318500997,'EPAM',1,0),(10318500997,'Facebook',1,1),(10318500997,'Google',1,1),(10318500997,'ICL',1,0),(10318500997,'JetBrains',1,1),(10318500997,'Kaspersky Lab',1,0),(10318500997,'Mail.ru',1,0),(10318500997,'Microsoft',1,1),(10318500997,'Postgres Pro',1,0),(10318500997,'Аквелон',1,0),(10318500997,'Альфа-Банк',1,0),(10318500997,'БАРС Груп',1,0),(10318500997,'Вконтакте',1,0),(10318500997,'Контур',1,0),(10318500997,'Одноклассники',1,0),(10318500997,'Такснет',1,0),(10318500997,'Тинькофф',1,1),(10318500997,'Яндекс',1,0),(10318502365,'2ГИС',1,0),(10318502365,'Avito',1,0),(10318502365,'Badoo',1,0),(10318502365,'Facebook',1,0),(10318502365,'Google',1,0),(10318502365,'ICL',1,0),(10318502365,'JetBrains',1,0),(10318502365,'Kaspersky Lab',1,0),(10318502365,'Mail.ru',1,0),(10318502365,'Microsoft',1,0),(10318502365,'Postgres Pro',1,0),(10318502365,'Wrike',1,0),(10318502365,'Альфа-Банк',1,0),(10318502365,'БАРС Груп',1,1),(10318502365,'Вконтакте',1,0),(10318502365,'Контур',1,1),(10318502365,'Одноклассники',1,0),(10318502365,'Такснет',1,0),(10318502365,'Тинькофф',1,0),(10318502365,'ЦФТ',1,0),(10318502365,'Яндекс',1,1),(10318502685,'EPAM',1,0),(10318502685,'Facebook',1,0),(10318502685,'Fast Reports',1,0),(10318502685,'Google',1,1),(10318502685,'ICL',1,0),(10318502685,'JetBrains',1,0),(10318502685,'Kaspersky Lab',1,0),(10318502685,'Mail.ru',1,0),(10318502685,'Microsoft',1,1),(10318502685,'Аквелон',1,0),(10318502685,'Альфа-Банк',1,0),(10318502685,'БАРС Груп',1,0),(10318502685,'Вконтакте',1,0),(10318502685,'Контур',1,0),(10318502685,'Такснет',1,0),(10318502685,'Тинькофф',1,0),(10318502685,'Яндекс',1,0),(10318505967,'2ГИС',1,0),(10318505967,'Avito',1,1),(10318505967,'Badoo',1,0),(10318505967,'EPAM',1,0),(10318505967,'Facebook',1,1),(10318505967,'Google',1,1),(10318505967,'ICL',1,0),(10318505967,'JetBrains',1,1),(10318505967,'Kaspersky Lab',1,0),(10318505967,'Mail.ru',1,0),(10318505967,'Microsoft',1,1),(10318505967,'Аквелон',1,1),(10318505967,'Альфа-Банк',1,1),(10318505967,'БАРС Груп',1,0),(10318505967,'Вконтакте',1,0),(10318505967,'Контур',1,0),(10318505967,'Одноклассники',1,0),(10318505967,'Такснет',1,0),(10318505967,'Тинькофф',1,0),(10318505967,'ЦФТ',1,0),(10318505967,'Яндекс',1,1),(10318509180,'2ГИС',1,0),(10318509180,'Avito',1,0),(10318509180,'EPAM',1,0),(10318509180,'Facebook',1,0),(10318509180,'Fast Reports',1,0),(10318509180,'Google',1,0),(10318509180,'ICL',1,0),(10318509180,'JetBrains',1,1),(10318509180,'Kaspersky Lab',1,0),(10318509180,'Mail.ru',1,0),(10318509180,'Microsoft',1,0),(10318509180,'Postgres Pro',1,0),(10318509180,'Аквелон',1,0),(10318509180,'Альфа-Банк',1,0),(10318509180,'БАРС Груп',1,0),(10318509180,'Вконтакте',1,0),(10318509180,'Контур',1,0),(10318509180,'Одноклассники',1,0),(10318509180,'Такснет',1,0),(10318509180,'Тинькофф',1,0),(10318509180,'Яндекс',1,0),(10318509422,'2ГИС',1,0),(10318509422,'Avito',1,0),(10318509422,'Badoo',1,0),(10318509422,'DINS',1,0),(10318509422,'EPAM',1,0),(10318509422,'Facebook',1,0),(10318509422,'Fast Reports',1,0),(10318509422,'Google',1,0),(10318509422,'ICL',1,0),(10318509422,'JetBrains',1,0),(10318509422,'Kaspersky Lab',1,0),(10318509422,'Mail.ru',1,0),(10318509422,'Microsoft',1,1),(10318509422,'Postgres Pro',1,0),(10318509422,'Аквелон',1,0),(10318509422,'Альфа-Банк',1,0),(10318509422,'БАРС Груп',1,0),(10318509422,'Вконтакте',1,0),(10318509422,'Контур',1,0),(10318509422,'Одноклассники',1,0),(10318509422,'Такснет',1,0),(10318509422,'Тинькофф',1,0),(10318509422,'Яндекс',1,1),(10318511108,'2ГИС',1,0),(10318511108,'Avito',1,0),(10318511108,'Facebook',1,0),(10318511108,'Google',1,1),(10318511108,'ICL',1,0),(10318511108,'JetBrains',1,1),(10318511108,'Kaspersky Lab',1,0),(10318511108,'Mail.ru',1,0),(10318511108,'Microsoft',1,0),(10318511108,'Альфа-Банк',1,0),(10318511108,'БАРС Груп',1,1),(10318511108,'Вконтакте',1,0),(10318511108,'Контур',1,1),(10318511108,'Одноклассники',1,0),(10318511108,'Такснет',1,0),(10318511108,'Тинькофф',1,0),(10318511108,'Яндекс',1,1),(10318515260,'2ГИС',1,0),(10318515260,'Avito',1,0),(10318515260,'Badoo',1,0),(10318515260,'Facebook',1,0),(10318515260,'Google',1,0),(10318515260,'ICL',1,0),(10318515260,'JetBrains',1,0),(10318515260,'Kaspersky Lab',1,0),(10318515260,'Mail.ru',1,0),(10318515260,'Microsoft',1,0),(10318515260,'Альфа-Банк',1,0),(10318515260,'БАРС Груп',1,0),(10318515260,'Вконтакте',1,0),(10318515260,'Контур',1,0),(10318515260,'Одноклассники',1,0),(10318515260,'Тинькофф',1,0),(10318515260,'Яндекс',1,1),(10318517200,'2ГИС',1,0),(10318517200,'Avito',1,0),(10318517200,'Badoo',1,0),(10318517200,'Facebook',1,0),(10318517200,'Google',1,0),(10318517200,'ICL',1,0),(10318517200,'JetBrains',1,1),(10318517200,'Kaspersky Lab',1,0),(10318517200,'Mail.ru',1,0),(10318517200,'Microsoft',1,1),(10318517200,'Postgres Pro',1,0),(10318517200,'Аквелон',1,1),(10318517200,'Альфа-Банк',1,0),(10318517200,'БАРС Груп',1,0),(10318517200,'Вконтакте',1,0),(10318517200,'Контур',1,1),(10318517200,'Одноклассники',1,0),(10318517200,'Тинькофф',1,1),(10318517200,'Яндекс',1,1),(10318520021,'Avito',1,0),(10318520021,'EPAM',1,1),(10318520021,'Google',1,1),(10318520021,'Kaspersky Lab',1,0),(10318520021,'Mail.ru',1,1),(10318520021,'БАРС Груп',1,0),(10318520021,'Контур',1,0),(10318520021,'Яндекс',1,1),(10318524468,'2ГИС',1,1),(10318524468,'Avito',1,0),(10318524468,'Badoo',1,0),(10318524468,'EPAM',1,0),(10318524468,'Fast Reports',1,1),(10318524468,'Google',1,1),(10318524468,'JetBrains',1,1),(10318524468,'Kaspersky Lab',1,0),(10318524468,'Mail.ru',1,0),(10318524468,'Аквелон',1,1),(10318524468,'Альфа-Банк',1,1),(10318524468,'БАРС Груп',1,0),(10318524468,'Вконтакте',1,0),(10318524468,'Контур',1,1),(10318524468,'Такснет',1,0),(10318524468,'Тинькофф',1,1),(10318524468,'Яндекс',1,1),(10318525009,'2ГИС',1,0),(10318525009,'Avito',1,0),(10318525009,'Badoo',1,0),(10318525009,'EPAM',1,0),(10318525009,'Facebook',1,0),(10318525009,'Fast Reports',1,0),(10318525009,'Google',1,1),(10318525009,'ICL',1,0),(10318525009,'JetBrains',1,1),(10318525009,'Kaspersky Lab',1,1),(10318525009,'Mail.ru',1,0),(10318525009,'Microsoft',1,1),(10318525009,'Postgres Pro',1,1),(10318525009,'Аквелон',1,0),(10318525009,'Альфа-Банк',1,0),(10318525009,'БАРС Груп',1,0),(10318525009,'Вконтакте',1,0),(10318525009,'Контур',1,0),(10318525009,'Одноклассники',1,0),(10318525009,'Тинькофф',1,1),(10318525009,'Яндекс',1,1),(10318536469,'2ГИС',1,0),(10318536469,'Avito',1,1),(10318536469,'Badoo',1,1),(10318536469,'Facebook',1,0),(10318536469,'Fast Reports',1,0),(10318536469,'Google',1,0),(10318536469,'ICL',1,0),(10318536469,'JetBrains',1,0),(10318536469,'Kaspersky Lab',1,0),(10318536469,'Mail.ru',1,0),(10318536469,'Microsoft',1,0),(10318536469,'Wrike',1,0),(10318536469,'Аквелон',1,0),(10318536469,'Альфа-Банк',1,0),(10318536469,'БАРС Груп',1,0),(10318536469,'Вконтакте',1,1),(10318536469,'Контур',1,0),(10318536469,'Одноклассники',1,0),(10318536469,'Такснет',1,0),(10318536469,'Тинькофф',1,0),(10318536469,'Яндекс',1,1),(10318538361,'2ГИС',1,0),(10318538361,'Avito',1,0),(10318538361,'Badoo',1,0),(10318538361,'EPAM',1,0),(10318538361,'Facebook',1,0),(10318538361,'Google',1,0),(10318538361,'ICL',1,0),(10318538361,'JetBrains',1,1),(10318538361,'Kaspersky Lab',1,0),(10318538361,'Mail.ru',1,0),(10318538361,'Microsoft',1,0),(10318538361,'Аквелон',1,0),(10318538361,'Альфа-Банк',1,0),(10318538361,'БАРС Груп',1,0),(10318538361,'Вконтакте',1,0),(10318538361,'Контур',1,1),(10318538361,'Одноклассники',1,0),(10318538361,'Такснет',1,0),(10318538361,'Тинькофф',1,0),(10318538361,'Яндекс',1,1),(10318548838,'2ГИС',1,0),(10318548838,'Avito',1,0),(10318548838,'Facebook',1,0),(10318548838,'Google',1,0),(10318548838,'ICL',1,0),(10318548838,'JetBrains',1,0),(10318548838,'Kaspersky Lab',1,0),(10318548838,'Mail.ru',1,0),(10318548838,'Microsoft',1,0),(10318548838,'Альфа-Банк',1,0),(10318548838,'БАРС Груп',1,0),(10318548838,'Вконтакте',1,0),(10318548838,'Контур',1,1),(10318548838,'Такснет',1,0),(10318548838,'Тинькофф',1,0),(10318548838,'ЦФТ',1,0),(10318548838,'Яндекс',1,0),(10318559756,'2ГИС',1,0),(10318559756,'Avito',1,0),(10318559756,'Badoo',1,0),(10318559756,'EPAM',1,0),(10318559756,'Facebook',1,0),(10318559756,'Fast Reports',1,0),(10318559756,'Google',1,1),(10318559756,'ICL',1,0),(10318559756,'JetBrains',1,1),(10318559756,'Kaspersky Lab',1,0),(10318559756,'Mail.ru',1,0),(10318559756,'Microsoft',1,0),(10318559756,'Postgres Pro',1,0),(10318559756,'Аквелон',1,1),(10318559756,'Альфа-Банк',1,0),(10318559756,'БАРС Груп',1,0),(10318559756,'Вконтакте',1,0),(10318559756,'Контур',1,0),(10318559756,'Одноклассники',1,0),(10318559756,'Тинькофф',1,0),(10318559756,'Яндекс',1,0),(10318579217,'2ГИС',1,0),(10318579217,'Avito',1,0),(10318579217,'Badoo',1,0),(10318579217,'DINS',1,0),(10318579217,'EPAM',1,0),(10318579217,'Facebook',1,1),(10318579217,'Fast Reports',1,0),(10318579217,'Google',1,1),(10318579217,'ICL',1,0),(10318579217,'JetBrains',1,1),(10318579217,'Kaspersky Lab',1,1),(10318579217,'Mail.ru',1,1),(10318579217,'Microsoft',1,1),(10318579217,'Postgres Pro',1,1),(10318579217,'Wrike',1,0),(10318579217,'Аквелон',1,0),(10318579217,'Альфа-Банк',1,1),(10318579217,'БАРС Груп',1,1),(10318579217,'Вконтакте',1,1),(10318579217,'Контур',1,1),(10318579217,'Одноклассники',1,0),(10318579217,'Такснет',1,0),(10318579217,'Тинькофф',1,1),(10318579217,'ЦФТ',1,0),(10318579217,'Яндекс',1,1),(10318601842,'2ГИС',1,1),(10318601842,'Avito',1,0),(10318601842,'Badoo',1,0),(10318601842,'Facebook',1,0),(10318601842,'Google',1,1),(10318601842,'ICL',1,0),(10318601842,'JetBrains',1,1),(10318601842,'Kaspersky Lab',1,0),(10318601842,'Mail.ru',1,1),(10318601842,'Microsoft',1,0),(10318601842,'Postgres Pro',1,0),(10318601842,'Аквелон',1,0),(10318601842,'Альфа-Банк',1,1),(10318601842,'БАРС Груп',1,0),(10318601842,'Вконтакте',1,1),(10318601842,'Контур',1,0),(10318601842,'Одноклассники',1,0),(10318601842,'Тинькофф',1,0),(10318601842,'Яндекс',1,1),(10318606102,'2ГИС',1,0),(10318606102,'Avito',1,1),(10318606102,'Badoo',1,0),(10318606102,'EPAM',1,1),(10318606102,'Facebook',1,1),(10318606102,'Google',1,1),(10318606102,'ICL',1,0),(10318606102,'JetBrains',1,1),(10318606102,'Kaspersky Lab',1,0),(10318606102,'Mail.ru',1,0),(10318606102,'Microsoft',1,1),(10318606102,'Postgres Pro',1,0),(10318606102,'Аквелон',1,1),(10318606102,'Альфа-Банк',1,0),(10318606102,'БАРС Груп',1,0),(10318606102,'Вконтакте',1,0),(10318606102,'Контур',1,1),(10318606102,'Одноклассники',1,0),(10318606102,'Такснет',1,0),(10318606102,'Тинькофф',1,1),(10318606102,'Яндекс',1,1),(10318648983,'2ГИС',1,0),(10318648983,'Avito',1,0),(10318648983,'Badoo',1,0),(10318648983,'Facebook',1,0),(10318648983,'Google',1,1),(10318648983,'Kaspersky Lab',1,0),(10318648983,'Mail.ru',1,0),(10318648983,'Microsoft',1,1),(10318648983,'Альфа-Банк',1,0),(10318648983,'Вконтакте',1,1),(10318648983,'ИнфоТеКС',1,0),(10318648983,'Контур',1,0),(10318648983,'Одноклассники',1,0),(10318648983,'Тинькофф',1,0),(10318648983,'Яндекс',1,1),(10318666519,'2ГИС',1,1),(10318666519,'Avito',1,0),(10318666519,'Badoo',1,0),(10318666519,'EPAM',1,0),(10318666519,'Facebook',1,1),(10318666519,'Fast Reports',1,0),(10318666519,'Google',1,1),(10318666519,'ICL',1,0),(10318666519,'JetBrains',1,1),(10318666519,'Kaspersky Lab',1,0),(10318666519,'Mail.ru',1,0),(10318666519,'Microsoft',1,1),(10318666519,'Аквелон',1,1),(10318666519,'Альфа-Банк',1,0),(10318666519,'БАРС Груп',1,0),(10318666519,'Вконтакте',1,1),(10318666519,'Контур',1,0),(10318666519,'Одноклассники',1,0),(10318666519,'Такснет',1,0),(10318666519,'Тинькофф',1,0),(10318666519,'Яндекс',1,1),(10318694833,'Google',1,1),(10318694833,'ICL',1,1),(10318694833,'JetBrains',1,1),(10318694833,'Mail.ru',1,1),(10318694833,'Microsoft',1,1),(10318694833,'Вконтакте',1,1),(10318694833,'Яндекс',1,1),(10318744314,'2ГИС',1,1),(10318744314,'Avito',1,1),(10318744314,'Badoo',1,0),(10318744314,'EPAM',1,0),(10318744314,'Facebook',1,1),(10318744314,'Google',1,1),(10318744314,'ICL',1,0),(10318744314,'JetBrains',1,1),(10318744314,'Kaspersky Lab',1,0),(10318744314,'Mail.ru',1,1),(10318744314,'Microsoft',1,1),(10318744314,'Postgres Pro',1,0),(10318744314,'Альфа-Банк',1,0),(10318744314,'БАРС Груп',1,0),(10318744314,'Вконтакте',1,0),(10318744314,'Контур',1,1),(10318744314,'Одноклассники',1,0),(10318744314,'Такснет',1,0),(10318744314,'Тинькофф',1,0),(10318744314,'ЦФТ',1,0),(10318744314,'Яндекс',1,1),(10318752351,'2ГИС',1,0),(10318752351,'Avito',1,0),(10318752351,'Badoo',1,1),(10318752351,'EPAM',1,0),(10318752351,'Facebook',1,1),(10318752351,'Fast Reports',1,0),(10318752351,'Google',1,1),(10318752351,'ICL',1,0),(10318752351,'JetBrains',1,1),(10318752351,'Kaspersky Lab',1,0),(10318752351,'Mail.ru',1,1),(10318752351,'Microsoft',1,1),(10318752351,'Postgres Pro',1,0),(10318752351,'Аквелон',1,1),(10318752351,'Альфа-Банк',1,0),(10318752351,'БАРС Груп',1,0),(10318752351,'Вконтакте',1,1),(10318752351,'Контур',1,0),(10318752351,'Одноклассники',1,0),(10318752351,'Такснет',1,0),(10318752351,'Тинькофф',1,0),(10318752351,'Яндекс',1,1),(10318799126,'2ГИС',1,0),(10318799126,'Avito',1,0),(10318799126,'Badoo',1,0),(10318799126,'Facebook',1,0),(10318799126,'Google',1,1),(10318799126,'ICL',1,0),(10318799126,'JetBrains',1,1),(10318799126,'Kaspersky Lab',1,0),(10318799126,'Mail.ru',1,1),(10318799126,'Microsoft',1,1),(10318799126,'Postgres Pro',1,0),(10318799126,'Wrike',1,0),(10318799126,'Аквелон',1,0),(10318799126,'Альфа-Банк',1,0),(10318799126,'БАРС Груп',1,0),(10318799126,'Вконтакте',1,0),(10318799126,'Контур',1,1),(10318799126,'Одноклассники',1,0),(10318799126,'Такснет',1,0),(10318799126,'Тинькофф',1,0),(10318799126,'Яндекс',1,1),(10318904415,'2ГИС',1,1),(10318904415,'Avito',1,1),(10318904415,'Badoo',1,1),(10318904415,'Facebook',1,0),(10318904415,'Fast Reports',1,0),(10318904415,'Google',1,1),(10318904415,'ICL',1,0),(10318904415,'JetBrains',1,1),(10318904415,'Kaspersky Lab',1,0),(10318904415,'Mail.ru',1,1),(10318904415,'Microsoft',1,0),(10318904415,'Postgres Pro',1,0),(10318904415,'Аквелон',1,0),(10318904415,'Альфа-Банк',1,0),(10318904415,'БАРС Груп',1,1),(10318904415,'Вконтакте',1,0),(10318904415,'Контур',1,1),(10318904415,'Одноклассники',1,0),(10318904415,'Тинькофф',1,0),(10318904415,'Яндекс',1,1),(10318911518,'2ГИС',1,0),(10318911518,'Avito',1,0),(10318911518,'Badoo',1,0),(10318911518,'EPAM',1,0),(10318911518,'Facebook',1,0),(10318911518,'Google',1,0),(10318911518,'ICL',1,0),(10318911518,'JetBrains',1,0),(10318911518,'Kaspersky Lab',1,0),(10318911518,'Mail.ru',1,0),(10318911518,'Microsoft',1,0),(10318911518,'Wrike',1,0),(10318911518,'Альфа-Банк',1,0),(10318911518,'БАРС Груп',1,0),(10318911518,'Вконтакте',1,0),(10318911518,'Контур',1,1),(10318911518,'Одноклассники',1,0),(10318911518,'Тинькофф',1,0),(10318911518,'Яндекс',1,1),(10319578625,'2ГИС',1,0),(10319578625,'Avito',1,0),(10319578625,'Badoo',1,0),(10319578625,'DINS',1,0),(10319578625,'EPAM',1,0),(10319578625,'Facebook',1,1),(10319578625,'Google',1,1),(10319578625,'ICL',1,0),(10319578625,'JetBrains',1,1),(10319578625,'Kaspersky Lab',1,0),(10319578625,'Mail.ru',1,1),(10319578625,'Microsoft',1,0),(10319578625,'Wrike',1,0),(10319578625,'Аквелон',1,0),(10319578625,'Альфа-Банк',1,0),(10319578625,'БАРС Груп',1,0),(10319578625,'Вконтакте',1,0),(10319578625,'Контур',1,0),(10319578625,'Одноклассники',1,0),(10319578625,'Такснет',1,0),(10319578625,'Тинькофф',1,0),(10319578625,'Яндекс',1,1),(10319672213,'2ГИС',1,0),(10319672213,'Avito',1,0),(10319672213,'Badoo',1,0),(10319672213,'Facebook',1,0),(10319672213,'Fast Reports',1,0),(10319672213,'Google',1,0),(10319672213,'ICL',1,0),(10319672213,'JetBrains',1,1),(10319672213,'Kaspersky Lab',1,0),(10319672213,'Mail.ru',1,0),(10319672213,'Microsoft',1,1),(10319672213,'Postgres Pro',1,0),(10319672213,'Аквелон',1,0),(10319672213,'Альфа-Банк',1,0),(10319672213,'БАРС Груп',1,0),(10319672213,'Вконтакте',1,0),(10319672213,'Контур',1,0),(10319672213,'Одноклассники',1,0),(10319672213,'Такснет',1,0),(10319672213,'Тинькофф',1,0),(10319672213,'Яндекс',1,0),(10319872776,'2ГИС',1,0),(10319872776,'Avito',1,0),(10319872776,'Badoo',1,0),(10319872776,'Facebook',1,0),(10319872776,'Google',1,1),(10319872776,'ICL',1,0),(10319872776,'JetBrains',1,1),(10319872776,'Kaspersky Lab',1,1),(10319872776,'Mail.ru',1,0),(10319872776,'Microsoft',1,1),(10319872776,'Аквелон',1,1),(10319872776,'Альфа-Банк',1,0),(10319872776,'БАРС Груп',1,0),(10319872776,'Вконтакте',1,0),(10319872776,'Контур',1,1),(10319872776,'Одноклассники',1,0),(10319872776,'Тинькофф',1,1),(10319872776,'Яндекс',1,1),(10320164461,'2ГИС',1,0),(10320164461,'Avito',1,0),(10320164461,'Facebook',1,1),(10320164461,'Google',1,1),(10320164461,'ICL',1,0),(10320164461,'JetBrains',1,1),(10320164461,'Kaspersky Lab',1,0),(10320164461,'Mail.ru',1,0),(10320164461,'Microsoft',1,0),(10320164461,'Аквелон',1,1),(10320164461,'Альфа-Банк',1,0),(10320164461,'БАРС Груп',1,0),(10320164461,'Вконтакте',1,0),(10320164461,'Контур',1,0),(10320164461,'Одноклассники',1,0),(10320164461,'Такснет',1,0),(10320164461,'Тинькофф',1,1),(10320164461,'Яндекс',1,1),(10320172172,'2ГИС',1,1),(10320172172,'Avito',1,0),(10320172172,'EPAM',1,1),(10320172172,'Facebook',1,1),(10320172172,'Fast Reports',1,1),(10320172172,'Google',1,1),(10320172172,'ICL',1,0),(10320172172,'JetBrains',1,1),(10320172172,'Kaspersky Lab',1,1),(10320172172,'Mail.ru',1,0),(10320172172,'Microsoft',1,1),(10320172172,'Postgres Pro',1,1),(10320172172,'Альфа-Банк',1,1),(10320172172,'Вконтакте',1,1),(10320172172,'Контур',1,1),(10320172172,'Одноклассники',1,1),(10320172172,'Сбертех',1,0),(10320172172,'Тинькофф',1,1),(10320172172,'Яндекс',1,1),(10320196998,'2ГИС',1,0),(10320196998,'Avito',1,0),(10320196998,'Badoo',1,0),(10320196998,'Facebook',1,1),(10320196998,'Fast Reports',1,0),(10320196998,'Google',1,1),(10320196998,'ICL',1,0),(10320196998,'JetBrains',1,1),(10320196998,'Kaspersky Lab',1,0),(10320196998,'Mail.ru',1,0),(10320196998,'Microsoft',1,1),(10320196998,'Postgres Pro',1,0),(10320196998,'Аквелон',1,1),(10320196998,'Альфа-Банк',1,0),(10320196998,'БАРС Груп',1,0),(10320196998,'Вконтакте',1,1),(10320196998,'Контур',1,0),(10320196998,'Одноклассники',1,0),(10320196998,'Тинькофф',1,1),(10320196998,'Яндекс',1,1),(10321007386,'2ГИС',1,1),(10321007386,'Avito',1,0),(10321007386,'Badoo',1,0),(10321007386,'EPAM',1,0),(10321007386,'Facebook',1,0),(10321007386,'Fast Reports',1,0),(10321007386,'Google',1,1),(10321007386,'ICL',1,0),(10321007386,'JetBrains',1,1),(10321007386,'Kaspersky Lab',1,0),(10321007386,'Mail.ru',1,1),(10321007386,'Microsoft',1,1),(10321007386,'Postgres Pro',1,0),(10321007386,'Wrike',1,0),(10321007386,'Аквелон',1,0),(10321007386,'Альфа-Банк',1,1),(10321007386,'БАРС Груп',1,0),(10321007386,'Вконтакте',1,0),(10321007386,'Контур',1,0),(10321007386,'Одноклассники',1,0),(10321007386,'Такснет',1,0),(10321007386,'Тинькофф',1,1),(10321007386,'Яндекс',1,1),(10321246046,'2ГИС',1,0),(10321246046,'Avito',1,0),(10321246046,'Facebook',1,0),(10321246046,'Google',1,0),(10321246046,'ICL',1,0),(10321246046,'JetBrains',1,0),(10321246046,'Kaspersky Lab',1,0),(10321246046,'Mail.ru',1,0),(10321246046,'Microsoft',1,0),(10321246046,'Postgres Pro',1,0),(10321246046,'Альфа-Банк',1,0),(10321246046,'БАРС Груп',1,1),(10321246046,'Вконтакте',1,0),(10321246046,'Контур',1,0),(10321246046,'Одноклассники',1,0),(10321246046,'Тинькофф',1,0),(10321246046,'ЦФТ',1,0),(10321246046,'Яндекс',1,0),(10321340041,'2ГИС',1,0),(10321340041,'Avito',1,0),(10321340041,'Badoo',1,0),(10321340041,'DINS',1,0),(10321340041,'EPAM',1,0),(10321340041,'Facebook',1,1),(10321340041,'Fast Reports',1,0),(10321340041,'Google',1,1),(10321340041,'ICL',1,0),(10321340041,'JetBrains',1,1),(10321340041,'Kaspersky Lab',1,1),(10321340041,'Mail.ru',1,0),(10321340041,'Microsoft',1,1),(10321340041,'Postgres Pro',1,0),(10321340041,'Wrike',1,0),(10321340041,'Аквелон',1,0),(10321340041,'Альфа-Банк',1,0),(10321340041,'БАРС Груп',1,0),(10321340041,'Вконтакте',1,1),(10321340041,'Контур',1,0),(10321340041,'Одноклассники',1,0),(10321340041,'Такснет',1,0),(10321340041,'Тинькофф',1,0),(10321340041,'ЦФТ',1,0),(10321340041,'Яндекс',1,1),(10321518349,'DIRECTUM',1,0),(10321518349,'EPAM',1,0),(10321518349,'Facebook',1,1),(10321518349,'Google',1,1),(10321518349,'JetBrains',1,1),(10321518349,'Kaspersky Lab',1,1),(10321518349,'Mail.ru',1,0),(10321518349,'Microsoft',1,0),(10321518349,'Postgres Pro',1,0),(10321518349,'Альфа-Банк',1,0),(10321518349,'РИТ',1,0),(10321518349,'Тинькофф',1,1),(10321518349,'ЦВТ',1,0),(10321518349,'Яндекс',1,1),(10322509719,'2ГИС',1,1),(10322509719,'Avito',1,0),(10322509719,'Badoo',1,0),(10322509719,'DINS',1,0),(10322509719,'EPAM',1,0),(10322509719,'Facebook',1,0),(10322509719,'Fast Reports',1,0),(10322509719,'Google',1,1),(10322509719,'ICL',1,0),(10322509719,'JetBrains',1,1),(10322509719,'Kaspersky Lab',1,0),(10322509719,'Mail.ru',1,0),(10322509719,'Microsoft',1,1),(10322509719,'Postgres Pro',1,0),(10322509719,'Аквелон',1,0),(10322509719,'Альфа-Банк',1,1),(10322509719,'БАРС Груп',1,0),(10322509719,'Вконтакте',1,0),(10322509719,'Контур',1,1),(10322509719,'Одноклассники',1,0),(10322509719,'Такснет',1,0),(10322509719,'Тинькофф',1,1),(10322509719,'ЦФТ',1,0),(10322509719,'Яндекс',1,1),(10322779387,'Facebook',1,1),(10322779387,'Google',1,1),(10322779387,'JetBrains',1,1),(10322779387,'Mail.ru',1,1),(10322779387,'Microsoft',1,1),(10322779387,'Аквелон',1,1),(10322779387,'Тинькофф',1,1),(10322779387,'Яндекс',1,1),(10323779620,'2ГИС',1,0),(10323779620,'Avito',1,1),(10323779620,'Badoo',1,1),(10323779620,'EPAM',1,0),(10323779620,'Facebook',1,1),(10323779620,'Google',1,1),(10323779620,'JetBrains',1,1),(10323779620,'Kaspersky Lab',1,1),(10323779620,'Mail.ru',1,1),(10323779620,'Microsoft',1,1),(10323779620,'Альфа-Банк',1,0),(10323779620,'Вконтакте',1,0),(10323779620,'Контур',1,0),(10323779620,'Одноклассники',1,0),(10323779620,'Тинькофф',1,1),(10323779620,'Яндекс',1,1),(10323986972,'2ГИС',1,1),(10323986972,'Avito',1,0),(10323986972,'Badoo',1,0),(10323986972,'Google',1,1),(10323986972,'ICL',1,0),(10323986972,'JetBrains',1,1),(10323986972,'Kaspersky Lab',1,0),(10323986972,'Mail.ru',1,1),(10323986972,'Microsoft',1,1),(10323986972,'Альфа-Банк',1,0),(10323986972,'БАРС Груп',1,0),(10323986972,'Вконтакте',1,1),(10323986972,'Контур',1,1),(10323986972,'Тинькофф',1,0),(10323986972,'Яндекс',1,1),(10326945978,'2ГИС',1,0),(10326945978,'Avito',1,0),(10326945978,'Badoo',1,0),(10326945978,'DINS',1,0),(10326945978,'EPAM',1,1),(10326945978,'Facebook',1,0),(10326945978,'Google',1,0),(10326945978,'JetBrains',1,0),(10326945978,'Kaspersky Lab',1,0),(10326945978,'Mail.ru',1,0),(10326945978,'Microsoft',1,0),(10326945978,'Nexign',1,0),(10326945978,'Wrike',1,0),(10326945978,'Альфа-Банк',1,0),(10326945978,'Вконтакте',1,0),(10326945978,'Контур',1,0),(10326945978,'Одноклассники',1,0),(10326945978,'Тинькофф',1,0),(10326945978,'Яндекс',1,0),(10331232435,'2ГИС',1,0),(10331232435,'Avito',1,0),(10331232435,'Badoo',1,0),(10331232435,'EPAM',1,0),(10331232435,'Facebook',1,1),(10331232435,'Fast Reports',1,0),(10331232435,'Google',1,1),(10331232435,'JetBrains',1,1),(10331232435,'Kaspersky Lab',1,0),(10331232435,'Mail.ru',1,0),(10331232435,'Microsoft',1,1),(10331232435,'Postgres Pro',1,0),(10331232435,'Wrike',1,0),(10331232435,'Альфа-Банк',1,0),(10331232435,'Вконтакте',1,0),(10331232435,'Контур',1,0),(10331232435,'Одноклассники',1,0),(10331232435,'Тинькофф',1,0),(10331232435,'Яндекс',1,0),(10331305159,'2ГИС',1,0),(10331305159,'Avito',1,0),(10331305159,'EPAM',1,0),(10331305159,'Facebook',1,1),(10331305159,'Google',1,1),(10331305159,'JetBrains',1,1),(10331305159,'Kaspersky Lab',1,1),(10331305159,'Mail.ru',1,0),(10331305159,'Microsoft',1,1),(10331305159,'Wrike',1,0),(10331305159,'Вконтакте',1,0),(10331305159,'Контур',1,1),(10331305159,'Одноклассники',1,0),(10331305159,'Тинькофф',1,1),(10331305159,'Яндекс',1,1),(10331314756,'2ГИС',1,0),(10331314756,'Avito',1,0),(10331314756,'Badoo',1,0),(10331314756,'DINS',1,0),(10331314756,'EPAM',1,0),(10331314756,'Facebook',1,0),(10331314756,'Google',1,0),(10331314756,'JetBrains',1,0),(10331314756,'Kaspersky Lab',1,0),(10331314756,'Mail.ru',1,0),(10331314756,'Microsoft',1,0),(10331314756,'Альфа-Банк',1,0),(10331314756,'Вконтакте',1,0),(10331314756,'Контур',1,0),(10331314756,'Одноклассники',1,0),(10331314756,'Тинькофф',1,0),(10331314756,'Яндекс',1,0),(10331325853,'2ГИС',1,0),(10331325853,'Avito',1,0),(10331325853,'Badoo',1,0),(10331325853,'DINS',1,1),(10331325853,'EPAM',1,1),(10331325853,'Facebook',1,0),(10331325853,'Google',1,0),(10331325853,'JetBrains',1,1),(10331325853,'Kaspersky Lab',1,1),(10331325853,'Mail.ru',1,0),(10331325853,'Microsoft',1,0),(10331325853,'Nexign',1,1),(10331325853,'Wrike',1,1),(10331325853,'Альфа-Банк',1,1),(10331325853,'Вконтакте',1,0),(10331325853,'Тинькофф',1,0),(10331325853,'Яндекс',1,0),(10331328310,'2ГИС',1,0),(10331328310,'Avito',1,1),(10331328310,'Badoo',1,1),(10331328310,'DINS',1,1),(10331328310,'EPAM',1,1),(10331328310,'Facebook',1,1),(10331328310,'Google',1,1),(10331328310,'JetBrains',1,1),(10331328310,'Kaspersky Lab',1,0),(10331328310,'Mail.ru',1,1),(10331328310,'Microsoft',1,1),(10331328310,'Nexign',1,0),(10331328310,'Postgres Pro',1,1),(10331328310,'Wrike',1,0),(10331328310,'Альфа-Банк',1,1),(10331328310,'Вконтакте',1,1),(10331328310,'Контур',1,1),(10331328310,'Одноклассники',1,0),(10331328310,'Тинькофф',1,1),(10331328310,'ЦФТ',1,0),(10331328310,'Яндекс',1,1),(10331333264,'2ГИС',1,1),(10331333264,'Avito',1,0),(10331333264,'Badoo',1,0),(10331333264,'DINS',1,0),(10331333264,'EPAM',1,0),(10331333264,'Facebook',1,1),(10331333264,'Fast Reports',1,0),(10331333264,'Google',1,1),(10331333264,'JetBrains',1,1),(10331333264,'Kaspersky Lab',1,0),(10331333264,'Mail.ru',1,0),(10331333264,'Microsoft',1,1),(10331333264,'Nexign',1,0),(10331333264,'Postgres Pro',1,0),(10331333264,'Wrike',1,0),(10331333264,'Альфа-Банк',1,0),(10331333264,'Вконтакте',1,0),(10331333264,'Контур',1,0),(10331333264,'Одноклассники',1,0),(10331333264,'Тинькофф',1,0),(10331333264,'ЦФТ',1,0),(10331333264,'Яндекс',1,0),(10331364746,'2ГИС',1,0),(10331364746,'Avito',1,0),(10331364746,'Badoo',1,0),(10331364746,'EPAM',1,0),(10331364746,'Facebook',1,0),(10331364746,'Google',1,0),(10331364746,'JetBrains',1,0),(10331364746,'Kaspersky Lab',1,1),(10331364746,'Mail.ru',1,1),(10331364746,'Microsoft',1,1),(10331364746,'Nexign',1,1),(10331364746,'Альфа-Банк',1,0),(10331364746,'Вконтакте',1,0),(10331364746,'Контур',1,0),(10331364746,'Одноклассники',1,0),(10331364746,'Тинькофф',1,0),(10331364746,'Яндекс',1,0),(10331450851,'2ГИС',1,1),(10331450851,'Avito',1,1),(10331450851,'Badoo',1,0),(10331450851,'EPAM',1,1),(10331450851,'Facebook',1,0),(10331450851,'Google',1,1),(10331450851,'JetBrains',1,1),(10331450851,'Kaspersky Lab',1,0),(10331450851,'Mail.ru',1,0),(10331450851,'Microsoft',1,1),(10331450851,'Wrike',1,1),(10331450851,'Альфа-Банк',1,0),(10331450851,'Вконтакте',1,1),(10331450851,'Контур',1,0),(10331450851,'Одноклассники',1,0),(10331450851,'Тинькофф',1,0),(10331450851,'Яндекс',1,1),(10331477331,'2ГИС',1,0),(10331477331,'Avito',1,0),(10331477331,'EPAM',1,0),(10331477331,'Facebook',1,0),(10331477331,'Google',1,0),(10331477331,'JetBrains',1,1),(10331477331,'Kaspersky Lab',1,0),(10331477331,'Mail.ru',1,0),(10331477331,'Microsoft',1,0),(10331477331,'Альфа-Банк',1,0),(10331477331,'Вконтакте',1,0),(10331477331,'Контур',1,0),(10331477331,'Одноклассники',1,0),(10331477331,'Тинькофф',1,0),(10331477331,'Яндекс',1,0),(10331477338,'2ГИС',1,0),(10331477338,'Avito',1,0),(10331477338,'DINS',1,0),(10331477338,'EPAM',1,0),(10331477338,'Facebook',1,1),(10331477338,'Google',1,1),(10331477338,'JetBrains',1,1),(10331477338,'Kaspersky Lab',1,0),(10331477338,'Mail.ru',1,0),(10331477338,'Microsoft',1,1),(10331477338,'Nexign',1,0),(10331477338,'Альфа-Банк',1,0),(10331477338,'Вконтакте',1,0),(10331477338,'Одноклассники',1,0),(10331477338,'Тинькофф',1,0),(10331477338,'ЦФТ',1,0),(10331477338,'Яндекс',1,0),(10331497916,'2ГИС',1,0),(10331497916,'Avito',1,0),(10331497916,'Badoo',1,0),(10331497916,'EPAM',1,0),(10331497916,'Facebook',1,0),(10331497916,'Google',1,0),(10331497916,'JetBrains',1,1),(10331497916,'Kaspersky Lab',1,0),(10331497916,'Mail.ru',1,0),(10331497916,'Microsoft',1,1),(10331497916,'Wrike',1,0),(10331497916,'Альфа-Банк',1,1),(10331497916,'Вконтакте',1,1),(10331497916,'Контур',1,0),(10331497916,'Одноклассники',1,0),(10331497916,'Тинькофф',1,1),(10331497916,'Яндекс',1,1),(10331503530,'2ГИС',1,1),(10331503530,'Avito',1,1),(10331503530,'Badoo',1,1),(10331503530,'Facebook',1,1),(10331503530,'Google',1,1),(10331503530,'JetBrains',1,1),(10331503530,'Kaspersky Lab',1,1),(10331503530,'Microsoft',1,1),(10331503530,'Wrike',1,1),(10331503530,'Вконтакте',1,1),(10331503530,'ЦФТ',1,1),(10331503530,'Яндекс',1,1),(10331577594,'2ГИС',1,0),(10331577594,'Avito',1,0),(10331577594,'Badoo',1,0),(10331577594,'EPAM',1,0),(10331577594,'Facebook',1,0),(10331577594,'Fast Reports',1,0),(10331577594,'Google',1,1),(10331577594,'JetBrains',1,1),(10331577594,'Kaspersky Lab',1,0),(10331577594,'Mail.ru',1,0),(10331577594,'Microsoft',1,1),(10331577594,'Postgres Pro',1,0),(10331577594,'Альфа-Банк',1,0),(10331577594,'Вконтакте',1,0),(10331577594,'Контур',1,0),(10331577594,'Одноклассники',1,0),(10331577594,'Тинькофф',1,0),(10331577594,'Яндекс',1,1),(10331605111,'2ГИС',1,0),(10331605111,'Avito',1,0),(10331605111,'Badoo',1,0),(10331605111,'EPAM',1,0),(10331605111,'Facebook',1,0),(10331605111,'Fast Reports',1,0),(10331605111,'Google',1,1),(10331605111,'JetBrains',1,1),(10331605111,'Kaspersky Lab',1,0),(10331605111,'Mail.ru',1,0),(10331605111,'Microsoft',1,1),(10331605111,'Nexign',1,0),(10331605111,'Postgres Pro',1,0),(10331605111,'Альфа-Банк',1,0),(10331605111,'Вконтакте',1,0),(10331605111,'Контур',1,0),(10331605111,'Одноклассники',1,0),(10331605111,'Тинькофф',1,0),(10331605111,'Яндекс',1,0),(10331622145,'2ГИС',1,1),(10331622145,'Avito',1,0),(10331622145,'Badoo',1,0),(10331622145,'EPAM',1,1),(10331622145,'Facebook',1,0),(10331622145,'Fast Reports',1,0),(10331622145,'Google',1,1),(10331622145,'JetBrains',1,1),(10331622145,'Kaspersky Lab',1,1),(10331622145,'Mail.ru',1,0),(10331622145,'Microsoft',1,1),(10331622145,'Nexign',1,0),(10331622145,'Postgres Pro',1,1),(10331622145,'Wrike',1,0),(10331622145,'Альфа-Банк',1,0),(10331622145,'Вконтакте',1,0),(10331622145,'Контур',1,0),(10331622145,'Одноклассники',1,0),(10331622145,'Тинькофф',1,0),(10331622145,'Яндекс',1,0),(10331667693,'2ГИС',1,0),(10331667693,'Avito',1,0),(10331667693,'EPAM',1,0),(10331667693,'Facebook',1,0),(10331667693,'Google',1,0),(10331667693,'JetBrains',1,0),(10331667693,'Kaspersky Lab',1,0),(10331667693,'Mail.ru',1,0),(10331667693,'Microsoft',1,1),(10331667693,'Postgres Pro',1,0),(10331667693,'Wrike',1,0),(10331667693,'Альфа-Банк',1,1),(10331667693,'Вконтакте',1,0),(10331667693,'Контур',1,0),(10331667693,'Одноклассники',1,0),(10331667693,'Тинькофф',1,1),(10331667693,'ЦФТ',1,0),(10331667693,'Яндекс',1,1),(10331691426,'2ГИС',1,0),(10331691426,'Avito',1,0),(10331691426,'Badoo',1,0),(10331691426,'DINS',1,0),(10331691426,'EPAM',1,1),(10331691426,'Facebook',1,0),(10331691426,'Google',1,1),(10331691426,'JetBrains',1,1),(10331691426,'Kaspersky Lab',1,0),(10331691426,'Mail.ru',1,0),(10331691426,'Microsoft',1,1),(10331691426,'Wrike',1,0),(10331691426,'Альфа-Банк',1,0),(10331691426,'Вконтакте',1,0),(10331691426,'Контур',1,1),(10331691426,'Одноклассники',1,0),(10331691426,'Тинькофф',1,0),(10331691426,'Яндекс',1,1),(10331780104,'2ГИС',1,0),(10331780104,'Avito',1,0),(10331780104,'Badoo',1,0),(10331780104,'EPAM',1,0),(10331780104,'Fast Reports',1,0),(10331780104,'Google',1,1),(10331780104,'JetBrains',1,1),(10331780104,'Kaspersky Lab',1,1),(10331780104,'Mail.ru',1,0),(10331780104,'Microsoft',1,1),(10331780104,'Postgres Pro',1,0),(10331780104,'Альфа-Банк',1,0),(10331780104,'Вконтакте',1,0),(10331780104,'Контур',1,0),(10331780104,'Одноклассники',1,0),(10331780104,'Тинькофф',1,0),(10331780104,'Яндекс',1,0),(10332869017,'2ГИС',1,1),(10332869017,'Avito',1,0),(10332869017,'Badoo',1,0),(10332869017,'EPAM',1,1),(10332869017,'Facebook',1,1),(10332869017,'Google',1,1),(10332869017,'JetBrains',1,1),(10332869017,'Kaspersky Lab',1,1),(10332869017,'Mail.ru',1,0),(10332869017,'Microsoft',1,1),(10332869017,'Postgres Pro',1,0),(10332869017,'Альфа-Банк',1,0),(10332869017,'Вконтакте',1,0),(10332869017,'Контур',1,0),(10332869017,'Одноклассники',1,0),(10332869017,'Тинькофф',1,0),(10332869017,'Яндекс',1,1),(10333035934,'2ГИС',1,1),(10333035934,'Avito',1,0),(10333035934,'Badoo',1,0),(10333035934,'EPAM',1,0),(10333035934,'Facebook',1,0),(10333035934,'Google',1,0),(10333035934,'JetBrains',1,0),(10333035934,'Kaspersky Lab',1,1),(10333035934,'Mail.ru',1,0),(10333035934,'Microsoft',1,1),(10333035934,'Nexign',1,0),(10333035934,'Postgres Pro',1,0),(10333035934,'Wrike',1,0),(10333035934,'Альфа-Банк',1,1),(10333035934,'Вконтакте',1,0),(10333035934,'Контур',1,1),(10333035934,'Одноклассники',1,0),(10333035934,'Тинькофф',1,0),(10333035934,'ЦФТ',1,0),(10333035934,'Яндекс',1,0),(10333668201,'2ГИС',1,0),(10333668201,'Avito',1,0),(10333668201,'Badoo',1,0),(10333668201,'EPAM',1,1),(10333668201,'Facebook',1,0),(10333668201,'Google',1,1),(10333668201,'JetBrains',1,1),(10333668201,'Kaspersky Lab',1,0),(10333668201,'Mail.ru',1,0),(10333668201,'Microsoft',1,0),(10333668201,'Wrike',1,1),(10333668201,'Альфа-Банк',1,0),(10333668201,'Вконтакте',1,0),(10333668201,'Контур',1,0),(10333668201,'Одноклассники',1,0),(10333668201,'Тинькофф',1,0),(10333668201,'Яндекс',1,1),(10334391350,'2ГИС',1,1),(10334391350,'Avito',1,0),(10334391350,'EPAM',1,0),(10334391350,'Facebook',1,0),(10334391350,'Google',1,1),(10334391350,'JetBrains',1,0),(10334391350,'Mail.ru',1,0),(10334391350,'Microsoft',1,1),(10334391350,'Альфа-Банк',1,0),(10334391350,'Вконтакте',1,1),(10334391350,'Одноклассники',1,0),(10334391350,'Тинькофф',1,0),(10334391350,'Яндекс',1,0),(10337325482,'2ГИС',1,0),(10337325482,'Avito',1,0),(10337325482,'Badoo',1,0),(10337325482,'EPAM',1,1),(10337325482,'Facebook',1,0),(10337325482,'Google',1,1),(10337325482,'JetBrains',1,0),(10337325482,'Kaspersky Lab',1,0),(10337325482,'Mail.ru',1,0),(10337325482,'Microsoft',1,0),(10337325482,'Nexign',1,0),(10337325482,'Postgres Pro',1,0),(10337325482,'Wrike',1,0),(10337325482,'Альфа-Банк',1,0),(10337325482,'Вконтакте',1,0),(10337325482,'Контур',1,0),(10337325482,'Одноклассники',1,0),(10337325482,'Тинькофф',1,0),(10337325482,'ЦФТ',1,0),(10337325482,'Яндекс',1,1),(10338469088,'EPAM',1,1),(10338469088,'Google',1,1),(10338469088,'ICL',1,0),(10338469088,'JetBrains',1,1),(10338469088,'Kaspersky Lab',1,0),(10338469088,'Mail.ru',1,1),(10338469088,'Microsoft',1,0),(10338469088,'Postgres Pro',1,0),(10338469088,'Аквелон',1,1),(10338469088,'Альфа-Банк',1,1),(10338469088,'БАРС Груп',1,0),(10338469088,'Вконтакте',1,0),(10338469088,'Контур',1,1),(10338469088,'Такснет',1,0),(10338469088,'Тинькофф',1,0),(10338469088,'ЦФТ',1,1),(10338469088,'Яндекс',1,0),(10359999480,'2ГИС',1,0),(10359999480,'Avito',1,1),(10359999480,'Badoo',1,0),(10359999480,'EPAM',1,0),(10359999480,'Facebook',1,0),(10359999480,'Fast Reports',1,0),(10359999480,'Google',1,0),(10359999480,'JetBrains',1,1),(10359999480,'Kaspersky Lab',1,0),(10359999480,'Mail.ru',1,0),(10359999480,'Microsoft',1,0),(10359999480,'Postgres Pro',1,1),(10359999480,'Wrike',1,0),(10359999480,'Альфа-Банк',1,0),(10359999480,'Вконтакте',1,0),(10359999480,'Контур',1,0),(10359999480,'Одноклассники',1,0),(10359999480,'Тинькофф',1,0),(10359999480,'Яндекс',1,0),(10362173034,'2ГИС',1,1),(10362173034,'Avito',1,1),(10362173034,'Badoo',1,0),(10362173034,'EPAM',1,0),(10362173034,'Facebook',1,1),(10362173034,'Google',1,1),(10362173034,'JetBrains',1,0),(10362173034,'Kaspersky Lab',1,0),(10362173034,'Mail.ru',1,1),(10362173034,'Microsoft',1,1),(10362173034,'Postgres Pro',1,0),(10362173034,'Альфа-Банк',1,0),(10362173034,'Вконтакте',1,1),(10362173034,'Контур',1,0),(10362173034,'Одноклассники',1,0),(10362173034,'Тинькофф',1,0),(10362173034,'Яндекс',1,1),(10370419288,'2ГИС',1,0),(10370419288,'Avito',1,0),(10370419288,'Badoo',1,0),(10370419288,'EPAM',1,0),(10370419288,'Facebook',1,0),(10370419288,'Google',1,0),(10370419288,'JetBrains',1,1),(10370419288,'Kaspersky Lab',1,0),(10370419288,'Mail.ru',1,0),(10370419288,'Microsoft',1,1),(10370419288,'Альфа-Банк',1,0),(10370419288,'Вконтакте',1,0),(10370419288,'Контур',1,0),(10370419288,'Одноклассники',1,0),(10370419288,'Тинькофф',1,0),(10370419288,'Яндекс',1,0),(10391607005,'2ГИС',1,0),(10391607005,'Avito',1,0),(10391607005,'DINS',1,0),(10391607005,'Facebook',1,0),(10391607005,'Google',1,0),(10391607005,'Kaspersky Lab',1,0),(10391607005,'Mail.ru',1,1),(10391607005,'Вконтакте',1,1),(10391607005,'Одноклассники',1,1),(10391607005,'Яндекс',1,0),(10393142376,'Avito',1,1),(10393142376,'Badoo',1,0),(10393142376,'EPAM',1,0),(10393142376,'Facebook',1,1),(10393142376,'Google',1,1),(10393142376,'JetBrains',1,0),(10393142376,'Kaspersky Lab',1,0),(10393142376,'Mail.ru',1,0),(10393142376,'Microsoft',1,1),(10393142376,'Альфа-Банк',1,0),(10393142376,'Одноклассники',1,0),(10393142376,'Тинькофф',1,0),(10393142376,'Яндекс',1,0),(10394644008,'2ГИС',1,0),(10394644008,'Avito',1,0),(10394644008,'Badoo',1,0),(10394644008,'DINS',1,0),(10394644008,'EPAM',1,0),(10394644008,'Facebook',1,1),(10394644008,'Fast Reports',1,0),(10394644008,'Google',1,1),(10394644008,'ICL',1,0),(10394644008,'JetBrains',1,0),(10394644008,'Kaspersky Lab',1,1),(10394644008,'Mail.ru',1,1),(10394644008,'Microsoft',1,1),(10394644008,'Postgres Pro',1,0),(10394644008,'Аквелон',1,0),(10394644008,'Альфа-Банк',1,0),(10394644008,'БАРС Груп',1,0),(10394644008,'Вконтакте',1,0),(10394644008,'Контур',1,0),(10394644008,'Одноклассники',1,0),(10394644008,'Такснет',1,0),(10394644008,'Тинькофф',1,1),(10394644008,'Яндекс',1,1),(10394816554,'2ГИС',1,1),(10394816554,'Avito',1,1),(10394816554,'Badoo',1,1),(10394816554,'EPAM',1,1),(10394816554,'Facebook',1,1),(10394816554,'Google',1,1),(10394816554,'JetBrains',1,1),(10394816554,'Kaspersky Lab',1,0),(10394816554,'Mail.ru',1,1),(10394816554,'Microsoft',1,1),(10394816554,'Wrike',1,0),(10394816554,'Альфа-Банк',1,0),(10394816554,'Вконтакте',1,1),(10394816554,'Контур',1,0),(10394816554,'Одноклассники',1,0),(10394816554,'Тинькофф',1,0),(10394816554,'ЦФТ',1,0),(10394816554,'Яндекс',1,1),(10397455468,'2ГИС',1,0),(10397455468,'Avito',1,0),(10397455468,'Badoo',1,0),(10397455468,'Facebook',1,0),(10397455468,'Google',1,0),(10397455468,'ICL',1,0),(10397455468,'JetBrains',1,0),(10397455468,'Kaspersky Lab',1,0),(10397455468,'Mail.ru',1,0),(10397455468,'Microsoft',1,0),(10397455468,'Аквелон',1,0),(10397455468,'Альфа-Банк',1,0),(10397455468,'БАРС Груп',1,0),(10397455468,'Вконтакте',1,0),(10397455468,'Контур',1,0),(10397455468,'Одноклассники',1,0),(10397455468,'Такснет',1,0),(10397455468,'Тинькофф',1,0),(10397455468,'Яндекс',1,0);
/*!40000 ALTER TABLE `data_to_companies` ENABLE KEYS */;
UNLOCK TABLES;

--
-- Table structure for table `data_to_factors`
--

DROP TABLE IF EXISTS `data_to_factors`;
/*!40101 SET @saved_cs_client     = @@character_set_client */;
/*!40101 SET character_set_client = utf8 */;
CREATE TABLE `data_to_factors` (
  `respondent_id` bigint(20) DEFAULT NULL,
  `factor` varchar(100) DEFAULT NULL,
  `group` int(11) DEFAULT NULL
) ENGINE=InnoDB DEFAULT CHARSET=utf8mb4;
/*!40101 SET character_set_client = @saved_cs_client */;

--
-- Dumping data for table `data_to_factors`
--

LOCK TABLES `data_to_factors` WRITE;
/*!40000 ALTER TABLE `data_to_factors` DISABLE KEYS */;
INSERT INTO `data_to_factors` VALUES (10397455468,'Занимается продуктовой разработкой',0),(10397455468,'Есть клиенты по всему миру',0),(10397455468,'Влияет на развитие человечества',0),(10397455468,'Платит зарплату выше средней по рынку',1),(10397455468,'Гибкий график',1),(10397455468,'Офис с хорошим ремонтом',1),(10397455468,'Дружеская атмосфера',2),(10397455468,'Много коллег, которым можно передать опыт',2),(10397455468,'Можно повлиять на развитие компании',2),(10397455468,'Есть амбициозные задачи',3),(10397455468,'Сотрудники участвуют в жизни ИТ-сообщества',3),(10397455468,'Сотрудники пишут open source',3),(10394816554,'Есть клиенты по всему миру',0),(10394816554,'Известна по всему миру',0),(10394816554,'Влияет на развитие человечества',0),(10394816554,'Платит «белую» зарплату',1),(10394816554,'Платит зарплату выше средней по рынку',1),(10394816554,'Можно переехать в другую страну',1),(10394816554,'Много коллег, которые делятся опытом',2),(10394816554,'Есть карьерный рост',2),(10394816554,'Можно поменять специализацию',2),(10394816554,'Сотрудники участвуют в жизни ИТ-сообщества',3),(10394816554,'Сотрудники выступают на конференциях',3),(10394816554,'Сотрудники пишут open source',3),(10393142376,'Вкладывается в науку',0),(10393142376,'Влияет на развитие человечества',0),(10393142376,'Есть миссия, стратегия и ценности',0),(10393142376,'Даёт опционы и акции сотрудникам',1),(10393142376,'Можно выбрать технику для работы',1),(10393142376,'Офис в шаговой доступности',1),(10393142376,'Нет строгой иерархии',2),(10393142376,'Дружеская атмосфера',2),(10393142376,'Есть профессиональный рост',2),(10393142376,'Есть амбициозные задачи',3),(10393142376,'Сотрудники участвуют в жизни ИТ-сообщества',3),(10393142376,'Сотрудники выступают на конференциях',3),(10391607005,'Занимается продуктовой разработкой',0),(10391607005,'Есть клиенты по всей России',0),(10391607005,'Есть дух стартапа',0),(10391607005,'Оплачивает обучения и конференции',1),(10391607005,'Платит зарплату выше средней по рынку',1),(10391607005,'Даёт опционы и акции сотрудникам',1),(10391607005,'Дружеская атмосфера',2),(10391607005,'Есть карьерный рост',2),(10391607005,'Есть профессиональный рост',2),(10391607005,'Есть амбициозные задачи',3),(10391607005,'Можно выбирать технологии и язык программирования',3),(10391607005,'Сотрудники участвуют в жизни ИТ-сообщества',3),(10370419288,'Известна по всему миру',0),(10370419288,'Влияет на развитие человечества',0),(10370419288,'Есть миссия, стратегия и ценности',0),(10370419288,'Платит «белую» зарплату',1),(10370419288,'Можно переехать в другую страну',1),(10370419288,'Офис в шаговой доступности',1),(10370419288,'Дружеская атмосфера',2),(10370419288,'Есть профессиональный рост',2),(10370419288,'Можно поменять команду',2),(10370419288,'Есть амбициозные задачи',3),(10370419288,'Можно выбирать технологии и язык программирования',3),(10370419288,'Много экспертизы в интересующей технологии',3),(10362173034,'Занимается инновациями',0),(10362173034,'Влияет на развитие человечества',0),(10362173034,'Есть дух стартапа',0),(10362173034,'Оплачивает обучения и конференции',1),(10362173034,'Даёт опционы и акции сотрудникам',1),(10362173034,'Удалённая работа',1),(10362173034,'Менеджеры дают обратную связь',2),(10362173034,'Можно запустить внутренний стартап',2),(10362173034,'Можно повлиять на развитие компании',2),(10362173034,'Есть амбициозные задачи',3),(10362173034,'Внутренние профессиональные сообщества',3),(10362173034,'Сотрудники пишут open source',3),(10359999480,'Занимается инновациями',0),(10359999480,'Вкладывается в науку',0),(10359999480,'Влияет на развитие человечества',0),(10359999480,'Платит зарплату выше средней по рынку',1),(10359999480,'Гибкий график',1),(10359999480,'Можно выбрать технику для работы',1),(10359999480,'Дружеская атмосфера',2),(10359999480,'Есть карьерный рост',2),(10359999480,'Есть профессиональный рост',2),(10359999480,'Есть амбициозные задачи',3),(10359999480,'Много экспертизы в интересующей технологии',3),(10359999480,'Сотрудники пишут open source',3),(10338469088,'Занимается продуктовой разработкой',0),(10338469088,'Занимается заказной разработкой',0),(10338469088,'Занимается инновациями',0),(10338469088,'Вкладывается в науку',0),(10338469088,'Известна в России',0),(10338469088,'Известна по всему миру',0),(10338469088,'Оплачивает медицинскую страховку',1),(10338469088,'Платит зарплату в валюте',1),(10338469088,'Платит зарплату выше средней по рынку',1),(10338469088,'Платит премию за результат',1),(10338469088,'Гибкий график',1),(10338469088,'Можно переехать в Москву или Санкт-Петербург',1),(10338469088,'Можно переехать в другую страну',1),(10338469088,'Офис с хорошим ремонтом',1),(10338469088,'Нет строгой иерархии',2),(10338469088,'Дружеская атмосфера',2),(10338469088,'Менеджеры дают обратную связь',2),(10338469088,'Много коллег, которые делятся опытом',2),(10338469088,'Много коллег, которым можно передать опыт',2),(10338469088,'Есть карьерный рост',2),(10338469088,'Есть профессиональный рост',2),(10338469088,'Есть амбициозные задачи',3),(10338469088,'Нет легаси',3),(10338469088,'Можно выбирать технологии и язык программирования',3),(10338469088,'Внутренние профессиональные сообщества',3),(10338469088,'Сотрудники участвуют в жизни ИТ-сообщества',3),(10338469088,'Сотрудники преподают школьникам или студентам',3),(10337325482,'Занимается продуктовой разработкой',0),(10337325482,'Занимается инновациями',0),(10337325482,'Влияет на развитие человечества',0),(10337325482,'Есть миссия, стратегия и ценности',0),(10337325482,'Есть дух стартапа',0),(10337325482,'Платит «белую» зарплату',1),(10337325482,'Гибкий график',1),(10337325482,'Можно переехать в другую страну',1),(10337325482,'Дружеская атмосфера',2),(10337325482,'Можно повлиять на развитие компании',2),(10337325482,'Есть профессиональный рост',2),(10337325482,'Есть амбициозные задачи',3),(10337325482,'Сотрудники участвуют в жизни ИТ-сообщества',3),(10337325482,'Сотрудники выступают на конференциях',3),(10334391350,'Занимается продуктовой разработкой',0),(10334391350,'Влияет на развитие человечества',0),(10334391350,'Есть миссия, стратегия и ценности',0),(10334391350,'Оплачивает медицинскую страховку',1),(10334391350,'Гибкий график',1),(10334391350,'Офис с хорошим ремонтом',1),(10334391350,'Дружеская атмосфера',2),(10334391350,'Много коллег, которые делятся опытом',2),(10334391350,'Много коллег, которым можно передать опыт',2),(10334391350,'Есть карьерный рост',2),(10334391350,'Есть профессиональный рост',2),(10334391350,'Можно выбрать команду при устройстве в компанию',2),(10334391350,'Можно поменять специализацию',2),(10334391350,'Есть амбициозные задачи',3),(10333668201,'Занимается продуктовой разработкой',0),(10333668201,'Занимается инновациями',0),(10333668201,'Влияет на развитие человечества',0),(10333668201,'Оплачивает обучения и конференции',1),(10333668201,'Удалённая работа',1),(10333668201,'Можно переехать в другую страну',1),(10333668201,'Дружеская атмосфера',2),(10333668201,'Много коллег, которые делятся опытом',2),(10333668201,'Можно повлиять на развитие компании',2),(10333668201,'Много экспертизы в интересующей технологии',3),(10333668201,'Сотрудники участвуют в жизни ИТ-сообщества',3),(10333668201,'Сотрудники выступают на конференциях',3),(10333035934,'Занимается продуктовой разработкой',0),(10333035934,'Вкладывается в образование студентов и школьников',0),(10333035934,'Есть миссия, стратегия и ценности',0),(10333035934,'Оплачивает медицинскую страховку',1),(10333035934,'Оплачивает обучения и конференции',1),(10333035934,'Платит зарплату выше средней по рынку',1),(10333035934,'Нет строгой иерархии',2),(10333035934,'Можно повлиять на развитие компании',2),(10333035934,'Есть профессиональный рост',2),(10333035934,'Есть амбициозные задачи',3),(10333035934,'Много экспертизы в интересующей технологии',3),(10333035934,'Сотрудники преподают школьникам или студентам',3),(10332869017,'Есть клиенты по всему миру',0),(10332869017,'Влияет на развитие человечества',0),(10332869017,'Есть миссия, стратегия и ценности',0),(10332869017,'Оплачивает медицинскую страховку',1),(10332869017,'Оплачивает обучения и конференции',1),(10332869017,'Платит зарплату выше средней по рынку',1),(10332869017,'Дружеская атмосфера',2),(10332869017,'Есть карьерный рост',2),(10332869017,'Есть профессиональный рост',2),(10332869017,'Можно выбирать технологии и язык программирования',3),(10332869017,'Внутренние профессиональные сообщества',3),(10332869017,'Сотрудники выступают на конференциях',3),(10331780104,'Вкладывается в науку',0),(10331780104,'Вкладывается в образование студентов и школьников',0),(10331780104,'Влияет на развитие человечества',0),(10331780104,'Платит «белую» зарплату',1),(10331780104,'Оплачивает обучения и конференции',1),(10331780104,'Гибкий график',1),(10331780104,'Много коллег, которые делятся опытом',2),(10331780104,'Можно повлиять на развитие компании',2),(10331780104,'Есть профессиональный рост',2),(10331780104,'Есть амбициозные задачи',3),(10331780104,'Много экспертизы в интересующей технологии',3),(10331780104,'Сотрудники выступают на конференциях',3),(10331691426,'Занимается продуктовой разработкой',0),(10331691426,'Есть клиенты по всему миру',0),(10331691426,'Известна по всему миру',0),(10331691426,'Платит зарплату в валюте',1),(10331691426,'Платит зарплату выше средней по рынку',1),(10331691426,'Офис в шаговой доступности',1),(10331691426,'Менеджеры дают обратную связь',2),(10331691426,'Много коллег, которым можно передать опыт',2),(10331691426,'Можно поменять специализацию',2),(10331691426,'Нет легаси',3),(10331691426,'Можно выбирать технологии и язык программирования',3),(10331691426,'Много экспертизы в интересующей технологии',3),(10331667693,'Занимается продуктовой разработкой',0),(10331667693,'Вкладывается в науку',0),(10331667693,'Влияет на развитие человечества',0),(10331667693,'Платит «белую» зарплату',1),(10331667693,'Оплачивает обучения и конференции',1),(10331667693,'Можно переехать в другую страну',1),(10331667693,'Много коллег, которые делятся опытом',2),(10331667693,'Можно повлиять на развитие компании',2),(10331667693,'Есть профессиональный рост',2),(10331667693,'Есть амбициозные задачи',3),(10331667693,'Сотрудники участвуют в жизни ИТ-сообщества',3),(10331667693,'Сотрудники преподают школьникам или студентам',3),(10331622145,'Занимается продуктовой разработкой',0),(10331622145,'Занимается инновациями',0),(10331622145,'Известна по всему миру',0),(10331622145,'Платит «белую» зарплату',1),(10331622145,'Гибкий график',1),(10331622145,'Можно переехать в другую страну',1),(10331622145,'Дружеская атмосфера',2),(10331622145,'Есть карьерный рост',2),(10331622145,'Есть профессиональный рост',2),(10331622145,'Есть амбициозные задачи',3),(10331622145,'Много экспертизы в интересующей технологии',3),(10331622145,'Внутренние профессиональные сообщества',3),(10331605111,'Занимается инновациями',0),(10331605111,'Влияет на развитие человечества',0),(10331605111,'Есть дух стартапа',0),(10331605111,'Платит зарплату в валюте',1),(10331605111,'Платит зарплату выше средней по рынку',1),(10331605111,'Гибкий график',1),(10331605111,'Дружеская атмосфера',2),(10331605111,'Много коллег, которые делятся опытом',2),(10331605111,'Можно запустить внутренний стартап',2),(10331605111,'Нет легаси',3),(10331605111,'Можно выбирать технологии и язык программирования',3),(10331605111,'Много экспертизы в интересующей технологии',3),(10331577594,'Занимается продуктовой разработкой',0),(10331577594,'Разрабатывает инструменты для разработчиков',0),(10331577594,'Оплачивает медицинскую страховку',1),(10331577594,'Платит зарплату выше средней по рынку',1),(10331577594,'Удалённая работа',1),(10331577594,'Нет строгой иерархии',2),(10331577594,'Можно повлиять на развитие компании',2),(10331577594,'Есть профессиональный рост',2),(10331577594,'Есть амбициозные задачи',3),(10331577594,'Много экспертизы в интересующей технологии',3),(10331577594,'Внутренние профессиональные сообщества',3),(10331503530,'Занимается инновациями',0),(10331503530,'Вкладывается в науку',0),(10331503530,'Влияет на развитие человечества',0),(10331503530,'Есть миссия, стратегия и ценности',0),(10331503530,'Платит «белую» зарплату',1),(10331503530,'Оплачивает обучения и конференции',1),(10331503530,'Платит зарплату в валюте',1),(10331503530,'Платит зарплату выше средней по рынку',1),(10331503530,'Платит премию за результат',1),(10331503530,'Гибкий график',1),(10331503530,'Офис с хорошим ремонтом',1),(10331503530,'Дружеская атмосфера',2),(10331503530,'Много коллег, которые делятся опытом',2),(10331503530,'Можно запустить внутренний стартап',2),(10331503530,'Есть карьерный рост',2),(10331503530,'Есть профессиональный рост',2),(10331503530,'Можно поменять специализацию',2),(10331503530,'Есть амбициозные задачи',3),(10331503530,'Нет легаси',3),(10331503530,'Можно выбирать технологии и язык программирования',3),(10331503530,'Внутренние профессиональные сообщества',3),(10331497916,'Занимается инновациями',0),(10331497916,'Известна по всему миру',0),(10331497916,'Влияет на развитие человечества',0),(10331497916,'Платит зарплату выше средней по рынку',1),(10331497916,'Даёт опционы и акции сотрудникам',1),(10331497916,'Офис в шаговой доступности',1),(10331497916,'Много коллег, которые делятся опытом',2),(10331497916,'Есть карьерный рост',2),(10331497916,'Есть профессиональный рост',2),(10331497916,'Есть амбициозные задачи',3),(10331497916,'Сотрудники выступают на конференциях',3),(10331497916,'Сотрудники пишут open source',3),(10331477338,'Занимается продуктовой разработкой',0),(10331477338,'Занимается инновациями',0),(10331477338,'Растёт и нанимает много новых сотрудников',0),(10331477338,'Оплачивает обучения и конференции',1),(10331477338,'Платит премию за результат',1),(10331477338,'Можно переехать в другую страну',1),(10331477338,'Много коллег, которые делятся опытом',2),(10331477338,'Можно поменять команду',2),(10331477338,'Можно поменять специализацию',2),(10331477338,'Нет легаси',3),(10331477338,'Можно выбирать технологии и язык программирования',3),(10331477338,'Сотрудники выступают на конференциях',3),(10331450851,'Известна в России',0),(10331450851,'Растёт и нанимает много новых сотрудников',0),(10331450851,'Есть миссия, стратегия и ценности',0),(10331450851,'Платит «белую» зарплату',1),(10331450851,'Платит премию за результат',1),(10331450851,'Можно переехать в Москву или Санкт-Петербург',1),(10331450851,'Дружеская атмосфера',2),(10331450851,'Много коллег, которым можно передать опыт',2),(10331450851,'Есть карьерный рост',2),(10331450851,'Есть амбициозные задачи',3),(10331450851,'Много экспертизы в интересующей технологии',3),(10331450851,'Сотрудники выступают на конференциях',3),(10331364746,'Занимается продуктовой разработкой',0),(10331364746,'Занимается инновациями',0),(10331364746,'Есть миссия, стратегия и ценности',0),(10331364746,'Оплачивает обучения и конференции',1),(10331364746,'Гибкий график',1),(10331364746,'Офис с хорошим ремонтом',1),(10331364746,'Много коллег, которые делятся опытом',2),(10331364746,'Можно повлиять на развитие компании',2),(10331364746,'Есть профессиональный рост',2),(10331364746,'Есть амбициозные задачи',3),(10331364746,'Сотрудники участвуют в жизни ИТ-сообщества',3),(10331364746,'Сотрудники выступают на конференциях',3),(10331333264,'Занимается продуктовой разработкой',0),(10331333264,'Разрабатывает инструменты для разработчиков',0),(10331333264,'Есть дух стартапа',0),(10331333264,'Оплачивает медицинскую страховку',1),(10331333264,'Оплачивает обучения и конференции',1),(10331333264,'Платит зарплату в валюте',1),(10331333264,'Платит зарплату выше средней по рынку',1),(10331333264,'Дружеская атмосфера',2),(10331333264,'Можно повлиять на развитие компании',2),(10331333264,'Есть профессиональный рост',2),(10331333264,'Можно поменять специализацию',2),(10331333264,'Есть амбициозные задачи',3),(10331333264,'Нет легаси',3),(10331333264,'Сотрудники пишут open source',3),(10331328310,'Занимается продуктовой разработкой',0),(10331328310,'Занимается инновациями',0),(10331328310,'Есть миссия, стратегия и ценности',0),(10331328310,'Платит «белую» зарплату',1),(10331328310,'Оплачивает медицинскую страховку',1),(10331328310,'Платит зарплату выше средней по рынку',1),(10331328310,'Есть карьерный рост',2),(10331328310,'Есть профессиональный рост',2),(10331328310,'Можно поменять команду',2),(10331328310,'Есть амбициозные задачи',3),(10331328310,'Много экспертизы в интересующей технологии',3),(10331328310,'Внутренние профессиональные сообщества',3),(10331325853,'Занимается инновациями',0),(10331325853,'Влияет на развитие человечества',0),(10331325853,'Платит зарплату в валюте',1),(10331325853,'Платит зарплату выше средней по рынку',1),(10331325853,'Можно переехать в другую страну',1),(10331325853,'Менеджеры дают обратную связь',2),(10331325853,'Есть карьерный рост',2),(10331325853,'Есть профессиональный рост',2),(10331325853,'Есть амбициозные задачи',3),(10331325853,'Сотрудники участвуют в жизни ИТ-сообщества',3),(10331305159,'Занимается продуктовой разработкой',0),(10331305159,'Разрабатывает инструменты для разработчиков',0),(10331305159,'Занимается инновациями',0),(10331305159,'Есть клиенты по всему миру',0),(10331305159,'Известна по всему миру',0),(10331305159,'Влияет на развитие человечества',0),(10331305159,'Есть дух стартапа',0),(10331305159,'Платит «белую» зарплату',1),(10331305159,'Оплачивает медицинскую страховку',1),(10331305159,'Оплачивает обучения и конференции',1),(10331305159,'Платит зарплату в валюте',1),(10331305159,'Платит зарплату выше средней по рынку',1),(10331305159,'Платит премию за результат',1),(10331305159,'Даёт опционы и акции сотрудникам',1),(10331305159,'Гибкий график',1),(10331305159,'Удалённая работа',1),(10331305159,'Можно переехать в другую страну',1),(10331305159,'Офис с хорошим ремонтом',1),(10331305159,'Можно выбрать технику для работы',1),(10331305159,'Офис в шаговой доступности',1),(10331305159,'Менеджеры дают обратную связь',2),(10331305159,'Много коллег, которые делятся опытом',2),(10331305159,'Много коллег, которым можно передать опыт',2),(10331305159,'Можно запустить внутренний стартап',2),(10331305159,'Можно повлиять на развитие компании',2),(10331305159,'Есть карьерный рост',2),(10331305159,'Есть профессиональный рост',2),(10331305159,'Можно выбрать команду при устройстве в компанию',2),(10331305159,'Есть амбициозные задачи',3),(10331305159,'Нет легаси',3),(10331305159,'Можно выбирать технологии и язык программирования',3),(10331305159,'Много экспертизы в интересующей технологии',3),(10331305159,'Внутренние профессиональные сообщества',3),(10331305159,'Сотрудники участвуют в жизни ИТ-сообщества',3),(10331305159,'Сотрудники выступают на конференциях',3),(10331305159,'Сотрудники пишут open source',3),(10326945978,'Растёт и нанимает много новых сотрудников',0),(10326945978,'Влияет на развитие человечества',0),(10326945978,'Платит «белую» зарплату',1),(10326945978,'Оплачивает медицинскую страховку',1),(10326945978,'Оплачивает обучения и конференции',1),(10326945978,'Гибкий график',1),(10326945978,'Можно переехать в другую страну',1),(10326945978,'Дружеская атмосфера',2),(10326945978,'Много коллег, которые делятся опытом',2),(10326945978,'Есть профессиональный рост',2),(10326945978,'Есть амбициозные задачи',3),(10326945978,'Сотрудники участвуют в жизни ИТ-сообщества',3),(10323986972,'Влияет на развитие человечества',0),(10323986972,'Есть миссия, стратегия и ценности',0),(10323986972,'Есть дух стартапа',0),(10323986972,'Оплачивает медицинскую страховку',1),(10323986972,'Гибкий график',1),(10323986972,'Можно переехать в другую страну',1),(10323986972,'Дружеская атмосфера',2),(10323986972,'Есть карьерный рост',2),(10323986972,'Можно выбрать команду при устройстве в компанию',2),(10323986972,'Есть амбициозные задачи',3),(10323986972,'Нет легаси',3),(10323986972,'Сотрудники участвуют в жизни ИТ-сообщества',3),(10323779620,'Занимается продуктовой разработкой',0),(10323779620,'Есть клиенты по всему миру',0),(10323779620,'Есть миссия, стратегия и ценности',0),(10323779620,'Даёт опционы и акции сотрудникам',1),(10323779620,'Гибкий график',1),(10323779620,'Можно переехать в другую страну',1),(10323779620,'Много коллег, которые делятся опытом',2),(10323779620,'Есть профессиональный рост',2),(10323779620,'Можно поменять специализацию',2),(10323779620,'Есть амбициозные задачи',3),(10323779620,'Много экспертизы в интересующей технологии',3),(10323779620,'Внутренние профессиональные сообщества',3),(10322779387,'Занимается продуктовой разработкой',0),(10322779387,'Известна по всему миру',0),(10322779387,'Есть миссия, стратегия и ценности',0),(10322779387,'Оплачивает обучения и конференции',1),(10322779387,'Платит зарплату выше средней по рынку',1),(10322779387,'Офис в шаговой доступности',1),(10322779387,'Дружеская атмосфера',2),(10322779387,'Есть карьерный рост',2),(10322779387,'Есть профессиональный рост',2),(10322779387,'Есть амбициозные задачи',3),(10322779387,'Можно выбирать технологии и язык программирования',3),(10322779387,'Сотрудники участвуют в жизни ИТ-сообщества',3),(10322509719,'Занимается продуктовой разработкой',0),(10322509719,'Разрабатывает инструменты для разработчиков',0),(10322509719,'Занимается инновациями',0),(10322509719,'Оплачивает обучения и конференции',1),(10322509719,'Платит зарплату выше средней по рынку',1),(10322509719,'Платит премию за результат',1),(10322509719,'Дружеская атмосфера',2),(10322509719,'Много коллег, которые делятся опытом',2),(10322509719,'Есть профессиональный рост',2),(10322509719,'Есть амбициозные задачи',3),(10322509719,'Нет легаси',3),(10322509719,'Много экспертизы в интересующей технологии',3),(10321340041,'Занимается продуктовой разработкой',0),(10321340041,'Занимается инновациями',0),(10321340041,'Растёт и нанимает много новых сотрудников',0),(10321340041,'Платит зарплату выше средней по рынку',1),(10321340041,'Платит премию за результат',1),(10321340041,'Даёт опционы и акции сотрудникам',1),(10321340041,'Офис в шаговой доступности',1),(10321340041,'Дружеская атмосфера',2),(10321340041,'Много коллег, которые делятся опытом',2),(10321340041,'Есть профессиональный рост',2),(10321340041,'Есть амбициозные задачи',3),(10321340041,'Нет легаси',3),(10321340041,'Можно выбирать технологии и язык программирования',3),(10321246046,'Есть клиенты по всей России',0),(10321246046,'Известна в России',0),(10321246046,'Влияет на развитие человечества',0),(10321246046,'Есть миссия, стратегия и ценности',0),(10321246046,'Платит «белую» зарплату',1),(10321246046,'Платит зарплату выше средней по рынку',1),(10321246046,'Офис с хорошим ремонтом',1),(10321246046,'Нет строгой иерархии',2),(10321246046,'Дружеская атмосфера',2),(10321246046,'Есть профессиональный рост',2),(10321246046,'Есть амбициозные задачи',3),(10321246046,'Сотрудники выступают на конференциях',3),(10321246046,'Сотрудники преподают школьникам или студентам',3),(10321007386,'Занимается инновациями',0),(10321007386,'Растёт и нанимает много новых сотрудников',0),(10321007386,'Есть миссия, стратегия и ценности',0),(10321007386,'Платит «белую» зарплату',1),(10321007386,'Даёт опционы и акции сотрудникам',1),(10321007386,'Офис с хорошим ремонтом',1),(10321007386,'Дружеская атмосфера',2),(10321007386,'Много коллег, которые делятся опытом',2),(10321007386,'Есть профессиональный рост',2),(10321007386,'Есть амбициозные задачи',3),(10321007386,'Можно выбирать технологии и язык программирования',3),(10321007386,'Внутренние профессиональные сообщества',3),(10320196998,'Занимается продуктовой разработкой',0),(10320196998,'Занимается инновациями',0),(10320196998,'Есть миссия, стратегия и ценности',0),(10320196998,'Платит «белую» зарплату',1),(10320196998,'Оплачивает обучения и конференции',1),(10320196998,'Платит зарплату выше средней по рынку',1),(10320196998,'Много коллег, которые делятся опытом',2),(10320196998,'Есть профессиональный рост',2),(10320196998,'Можно поменять команду',2),(10320196998,'Есть амбициозные задачи',3),(10320196998,'Можно выбирать технологии и язык программирования',3),(10320196998,'Много экспертизы в интересующей технологии',3),(10320172172,'Занимается продуктовой разработкой',0),(10320172172,'Есть клиенты по всей России',0),(10320172172,'Есть миссия, стратегия и ценности',0),(10320172172,'Оплачивает обучения и конференции',1),(10320172172,'Платит зарплату выше средней по рынку',1),(10320172172,'Гибкий график',1),(10320172172,'Дружеская атмосфера',2),(10320172172,'Менеджеры дают обратную связь',2),(10320172172,'Много коллег, которые делятся опытом',2),(10320172172,'Много экспертизы в интересующей технологии',3),(10320172172,'Сотрудники участвуют в жизни ИТ-сообщества',3),(10320172172,'Сотрудники преподают школьникам или студентам',3),(10320164461,'Занимается заказной разработкой',0),(10320164461,'Есть клиенты по всему миру',0),(10320164461,'Влияет на развитие человечества',0),(10320164461,'Оплачивает обучения и конференции',1),(10320164461,'Платит зарплату выше средней по рынку',1),(10320164461,'Гибкий график',1),(10320164461,'Можно повлиять на развитие компании',2),(10320164461,'Есть карьерный рост',2),(10320164461,'Есть профессиональный рост',2),(10320164461,'Есть амбициозные задачи',3),(10320164461,'Можно выбирать технологии и язык программирования',3),(10320164461,'Внутренние профессиональные сообщества',3),(10319872776,'Занимается продуктовой разработкой',0),(10319872776,'Есть клиенты по всей России',0),(10319872776,'Есть миссия, стратегия и ценности',0),(10319872776,'Оплачивает обучения и конференции',1),(10319872776,'Платит зарплату выше средней по рынку',1),(10319872776,'Платит премию за результат',1),(10319872776,'Дружеская атмосфера',2),(10319872776,'Есть карьерный рост',2),(10319872776,'Есть профессиональный рост',2),(10319872776,'Есть амбициозные задачи',3),(10319872776,'Нет легаси',3),(10319872776,'Внутренние профессиональные сообщества',3),(10319672213,'Занимается продуктовой разработкой',0),(10319672213,'Есть клиенты по всему миру',0),(10319672213,'Есть миссия, стратегия и ценности',0),(10319672213,'Платит «белую» зарплату',1),(10319672213,'Платит премию за результат',1),(10319672213,'Можно выбрать технику для работы',1),(10319672213,'Много коллег, которым можно передать опыт',2),(10319672213,'Можно запустить внутренний стартап',2),(10319672213,'Можно повлиять на развитие компании',2),(10319672213,'Есть карьерный рост',2),(10319672213,'Есть профессиональный рост',2),(10319672213,'Есть амбициозные задачи',3),(10319672213,'Нет легаси',3),(10319672213,'Можно выбирать технологии и язык программирования',3),(10319672213,'Внутренние профессиональные сообщества',3),(10319578625,'Занимается инновациями',0),(10319578625,'Известна по всему миру',0),(10319578625,'Влияет на развитие человечества',0),(10319578625,'Оплачивает обучения и конференции',1),(10319578625,'Платит зарплату выше средней по рынку',1),(10319578625,'Можно переехать в другую страну',1),(10319578625,'Много коллег, которые делятся опытом',2),(10319578625,'Есть карьерный рост',2),(10319578625,'Есть профессиональный рост',2),(10319578625,'Есть амбициозные задачи',3),(10319578625,'Много экспертизы в интересующей технологии',3),(10319578625,'Сотрудники участвуют в жизни ИТ-сообщества',3),(10318904415,'Занимается продуктовой разработкой',0),(10318904415,'Занимается инновациями',0),(10318904415,'Есть дух стартапа',0),(10318904415,'Оплачивает обучения и конференции',1),(10318904415,'Платит зарплату выше средней по рынку',1),(10318904415,'Офис в шаговой доступности',1),(10318904415,'Дружеская атмосфера',2),(10318904415,'Есть карьерный рост',2),(10318904415,'Есть профессиональный рост',2),(10318904415,'Есть амбициозные задачи',3),(10318904415,'Можно выбирать технологии и язык программирования',3),(10318904415,'Много экспертизы в интересующей технологии',3),(10318752351,'Вкладывается в науку',0),(10318752351,'Известна по всему миру',0),(10318752351,'Влияет на развитие человечества',0),(10318752351,'Платит зарплату в валюте',1),(10318752351,'Платит зарплату выше средней по рынку',1),(10318752351,'Платит премию за результат',1),(10318752351,'Нет строгой иерархии',2),(10318752351,'Дружеская атмосфера',2),(10318752351,'Есть карьерный рост',2),(10318752351,'Есть амбициозные задачи',3),(10318752351,'Нет легаси',3),(10318752351,'Внутренние профессиональные сообщества',3),(10318744314,'Занимается продуктовой разработкой',0),(10318744314,'Занимается инновациями',0),(10318744314,'Известна в России',0),(10318744314,'Платит зарплату выше средней по рынку',1),(10318744314,'Гибкий график',1),(10318744314,'Можно переехать в Москву или Санкт-Петербург',1),(10318744314,'Много коллег, которые делятся опытом',2),(10318744314,'Есть профессиональный рост',2),(10318744314,'Можно выбрать команду при устройстве в компанию',2),(10318744314,'Нет легаси',3),(10318744314,'Внутренние профессиональные сообщества',3),(10318744314,'Сотрудники выступают на конференциях',3),(10318694833,'Занимается продуктовой разработкой',0),(10318694833,'Разрабатывает инструменты для разработчиков',0),(10318694833,'Занимается инновациями',0),(10318694833,'Влияет на развитие человечества',0),(10318694833,'Есть дух стартапа',0),(10318694833,'Гибкий график',1),(10318694833,'Можно выбрать технику для работы',1),(10318694833,'Можно запустить внутренний стартап',2),(10318694833,'Есть профессиональный рост',2),(10318694833,'Можно выбирать технологии и язык программирования',3),(10318694833,'Сотрудники участвуют в жизни ИТ-сообщества',3),(10318694833,'Сотрудники пишут open source',3),(10318666519,'Есть клиенты по всему миру',0),(10318666519,'Известна по всему миру',0),(10318666519,'Влияет на развитие человечества',0),(10318666519,'Платит зарплату выше средней по рынку',1),(10318666519,'Гибкий график',1),(10318666519,'Можно переехать в другую страну',1),(10318666519,'Много коллег, которые делятся опытом',2),(10318666519,'Можно повлиять на развитие компании',2),(10318666519,'Можно выбрать команду при устройстве в компанию',2),(10318666519,'Есть амбициозные задачи',3),(10318666519,'Нет легаси',3),(10318666519,'Сотрудники пишут open source',3),(10318648983,'Растёт и нанимает много новых сотрудников',0),(10318648983,'Влияет на развитие человечества',0),(10318648983,'Есть миссия, стратегия и ценности',0),(10318648983,'Платит «белую» зарплату',1),(10318648983,'Оплачивает обучения и конференции',1),(10318648983,'Можно переехать в другую страну',1),(10318648983,'Можно повлиять на развитие компании',2),(10318648983,'Есть карьерный рост',2),(10318648983,'Есть профессиональный рост',2),(10318648983,'Есть амбициозные задачи',3),(10318648983,'Много экспертизы в интересующей технологии',3),(10318648983,'Сотрудники выступают на конференциях',3),(10318606102,'Занимается продуктовой разработкой',0),(10318606102,'Вкладывается в науку',0),(10318606102,'Есть клиенты по всему миру',0),(10318606102,'Платит зарплату выше средней по рынку',1),(10318606102,'Гибкий график',1),(10318606102,'Можно переехать в другую страну',1),(10318606102,'Много коллег, которые делятся опытом',2),(10318606102,'Есть карьерный рост',2),(10318606102,'Есть профессиональный рост',2),(10318606102,'Нет легаси',3),(10318606102,'Много экспертизы в интересующей технологии',3),(10318606102,'Сотрудники выступают на конференциях',3),(10318601842,'Разрабатывает инструменты для разработчиков',0),(10318601842,'Платит «белую» зарплату',1),(10318601842,'Оплачивает медицинскую страховку',1),(10318601842,'Оплачивает обучения и конференции',1),(10318601842,'Платит зарплату выше средней по рынку',1),(10318601842,'Платит премию за результат',1),(10318601842,'Гибкий график',1),(10318601842,'Удалённая работа',1),(10318601842,'Офис с хорошим ремонтом',1),(10318601842,'Дружеская атмосфера',2),(10318601842,'Много коллег, которые делятся опытом',2),(10318601842,'Есть карьерный рост',2),(10318601842,'Есть профессиональный рост',2),(10318579217,'Занимается заказной разработкой',0),(10318579217,'Есть клиенты по всему миру',0),(10318579217,'Влияет на развитие человечества',0),(10318579217,'Платит зарплату выше средней по рынку',1),(10318579217,'Можно переехать в Москву или Санкт-Петербург',1),(10318579217,'Можно переехать в другую страну',1),(10318579217,'Дружеская атмосфера',2),(10318579217,'Много коллег, которые делятся опытом',2),(10318579217,'Есть карьерный рост',2),(10318579217,'Есть амбициозные задачи',3),(10318579217,'Нет легаси',3),(10318579217,'Можно выбирать технологии и язык программирования',3),(10318559756,'Занимается продуктовой разработкой',0),(10318559756,'Разрабатывает инструменты для разработчиков',0),(10318559756,'Есть клиенты по всему миру',0),(10318559756,'Платит зарплату в валюте',1),(10318559756,'Платит зарплату выше средней по рынку',1),(10318559756,'Можно переехать в другую страну',1),(10318559756,'Дружеская атмосфера',2),(10318559756,'Можно повлиять на развитие компании',2),(10318559756,'Есть профессиональный рост',2),(10318559756,'Нет легаси',3),(10318559756,'Много экспертизы в интересующей технологии',3),(10318559756,'Сотрудники участвуют в жизни ИТ-сообщества',3),(10318548838,'Занимается продуктовой разработкой',0),(10318548838,'Есть клиенты по всей России',0),(10318548838,'Известна в России',0),(10318548838,'Оплачивает обучения и конференции',1),(10318548838,'Платит зарплату выше средней по рынку',1),(10318548838,'Гибкий график',1),(10318548838,'Нет строгой иерархии',2),(10318548838,'Дружеская атмосфера',2),(10318548838,'Менеджеры дают обратную связь',2),(10318548838,'Сотрудники участвуют в жизни ИТ-сообщества',3),(10318548838,'Сотрудники выступают на конференциях',3),(10318548838,'Сотрудники преподают школьникам или студентам',3),(10318536469,'Занимается инновациями',0),(10318536469,'Есть клиенты по всему миру',0),(10318536469,'Растёт и нанимает много новых сотрудников',0),(10318536469,'Есть дух стартапа',0),(10318536469,'Оплачивает обучения и конференции',1),(10318536469,'Платит зарплату выше средней по рынку',1),(10318536469,'Гибкий график',1),(10318536469,'Дружеская атмосфера',2),(10318536469,'Можно запустить внутренний стартап',2),(10318536469,'Есть профессиональный рост',2),(10318536469,'Есть амбициозные задачи',3),(10318536469,'Нет легаси',3),(10318536469,'Много экспертизы в интересующей технологии',3),(10318525009,'Занимается продуктовой разработкой',0),(10318525009,'Занимается инновациями',0),(10318525009,'Есть клиенты по всему миру',0),(10318525009,'Оплачивает обучения и конференции',1),(10318525009,'Платит зарплату выше средней по рынку',1),(10318525009,'Можно переехать в другую страну',1),(10318525009,'Дружеская атмосфера',2),(10318525009,'Много коллег, которые делятся опытом',2),(10318525009,'Можно повлиять на развитие компании',2),(10318525009,'Есть амбициозные задачи',3),(10318525009,'Много экспертизы в интересующей технологии',3),(10318525009,'Сотрудники пишут open source',3),(10318524468,'Занимается продуктовой разработкой',0),(10318524468,'Занимается инновациями',0),(10318524468,'Есть дух стартапа',0),(10318524468,'Платит зарплату выше средней по рынку',1),(10318524468,'Даёт опционы и акции сотрудникам',1),(10318524468,'Гибкий график',1),(10318524468,'Много коллег, которые делятся опытом',2),(10318524468,'Можно выбрать команду при устройстве в компанию',2),(10318524468,'Можно поменять команду',2),(10318524468,'Есть амбициозные задачи',3),(10318524468,'Нет легаси',3),(10318524468,'Сотрудники участвуют в жизни ИТ-сообщества',3),(10318520021,'Есть клиенты по всему миру',0),(10318520021,'Известна по всему миру',0),(10318520021,'Влияет на развитие человечества',0),(10318520021,'Оплачивает обучения и конференции',1),(10318520021,'Платит зарплату в валюте',1),(10318520021,'Гибкий график',1),(10318520021,'Много коллег, которые делятся опытом',2),(10318520021,'Можно повлиять на развитие компании',2),(10318520021,'Есть карьерный рост',2),(10318520021,'Есть амбициозные задачи',3),(10318520021,'Можно выбирать технологии и язык программирования',3),(10318520021,'Сотрудники выступают на конференциях',3),(10318517200,'Разрабатывает инструменты для разработчиков',0),(10318517200,'Занимается инновациями',0),(10318517200,'Вкладывается в науку',0),(10318517200,'Есть клиенты по всему миру',0),(10318517200,'Влияет на развитие человечества',0),(10318517200,'Есть миссия, стратегия и ценности',0),(10318517200,'Оплачивает медицинскую страховку',1),(10318517200,'Можно переехать в Москву или Санкт-Петербург',1),(10318517200,'Можно переехать в другую страну',1),(10318517200,'Можно выбрать технику для работы',1),(10318517200,'Много коллег, которые делятся опытом',2),(10318517200,'Много коллег, которым можно передать опыт',2),(10318517200,'Можно повлиять на развитие компании',2),(10318517200,'Есть профессиональный рост',2),(10318517200,'Можно поменять специализацию',2),(10318517200,'Внутренние профессиональные сообщества',3),(10318517200,'Сотрудники участвуют в жизни ИТ-сообщества',3),(10318515260,'Оплачивает медицинскую страховку',1),(10318515260,'Платит зарплату выше средней по рынку',1),(10318515260,'Гибкий график',1),(10318515260,'Удалённая работа',1),(10318515260,'Можно переехать в другую страну',1),(10318515260,'Офис с хорошим ремонтом',1),(10318515260,'Есть профессиональный рост',2),(10318515260,'Можно выбрать команду при устройстве в компанию',2),(10318515260,'Можно поменять команду',2),(10318509180,'Есть миссия, стратегия и ценности',0),(10318509180,'Платит зарплату выше средней по рынку',1),(10318509180,'Гибкий график',1),(10318509180,'Офис в шаговой доступности',1),(10318509180,'Дружеская атмосфера',2),(10318509180,'Можно повлиять на развитие компании',2),(10318509180,'Есть карьерный рост',2),(10318509180,'Нет легаси',3),(10318509180,'Можно выбирать технологии и язык программирования',3),(10318509180,'Сотрудники участвуют в жизни ИТ-сообщества',3),(10318505967,'Занимается инновациями',0),(10318505967,'Есть клиенты по всему миру',0),(10318505967,'Есть миссия, стратегия и ценности',0),(10318505967,'Платит зарплату выше средней по рынку',1),(10318505967,'Гибкий график',1),(10318505967,'Можно переехать в другую страну',1),(10318505967,'Офис в шаговой доступности',1),(10318505967,'Нет строгой иерархии',2),(10318505967,'Дружеская атмосфера',2),(10318505967,'Много коллег, которые делятся опытом',2),(10318505967,'Есть карьерный рост',2),(10318505967,'Есть профессиональный рост',2),(10318505967,'Есть амбициозные задачи',3),(10318505967,'Внутренние профессиональные сообщества',3),(10318505967,'Сотрудники участвуют в жизни ИТ-сообщества',3),(10318502685,'Занимается продуктовой разработкой',0),(10318502685,'Занимается инновациями',0),(10318502685,'Растёт и нанимает много новых сотрудников',0),(10318502685,'Есть миссия, стратегия и ценности',0),(10318502685,'Оплачивает обучения и конференции',1),(10318502685,'Платит зарплату выше средней по рынку',1),(10318502685,'Платит премию за результат',1),(10318502685,'Офис в шаговой доступности',1),(10318502685,'Много коллег, которые делятся опытом',2),(10318502685,'Много коллег, которым можно передать опыт',2),(10318502685,'Можно повлиять на развитие компании',2),(10318502685,'Есть карьерный рост',2),(10318502685,'Есть профессиональный рост',2),(10318502685,'Есть амбициозные задачи',3),(10318502685,'Можно выбирать технологии и язык программирования',3),(10318502685,'Много экспертизы в интересующей технологии',3),(10318502685,'Сотрудники участвуют в жизни ИТ-сообщества',3),(10318502365,'Есть клиенты по всему миру',0),(10318502365,'Растёт и нанимает много новых сотрудников',0),(10318502365,'Есть миссия, стратегия и ценности',0),(10318502365,'Оплачивает обучения и конференции',1),(10318502365,'Платит зарплату в валюте',1),(10318502365,'Можно выбрать технику для работы',1),(10318502365,'Дружеская атмосфера',2),(10318502365,'Много коллег, которые делятся опытом',2),(10318502365,'Есть профессиональный рост',2),(10318502365,'Есть амбициозные задачи',3),(10318502365,'Много экспертизы в интересующей технологии',3),(10318502365,'Внутренние профессиональные сообщества',3),(10318500997,'Занимается продуктовой разработкой',0),(10318500997,'Занимается инновациями',0),(10318500997,'Есть дух стартапа',0),(10318500997,'Платит зарплату выше средней по рынку',1),(10318500997,'Даёт опционы и акции сотрудникам',1),(10318500997,'Гибкий график',1),(10318500997,'Удалённая работа',1),(10318500997,'Нет строгой иерархии',2),(10318500997,'Дружеская атмосфера',2),(10318500997,'Менеджеры дают обратную связь',2),(10318500997,'Можно запустить внутренний стартап',2),(10318500997,'Можно повлиять на развитие компании',2),(10318500997,'Есть карьерный рост',2),(10318500997,'Есть профессиональный рост',2),(10318500997,'Есть амбициозные задачи',3),(10318500997,'Можно выбирать технологии и язык программирования',3),(10318500997,'Сотрудники участвуют в жизни ИТ-сообщества',3),(10318499917,'Занимается продуктовой разработкой',0),(10318499917,'Занимается инновациями',0),(10318499917,'Вкладывается в науку',0),(10318499917,'Влияет на развитие человечества',0),(10318499917,'Есть миссия, стратегия и ценности',0),(10318499917,'Платит «белую» зарплату',1),(10318499917,'Платит зарплату выше средней по рынку',1),(10318499917,'Платит премию за результат',1),(10318499917,'Офис с хорошим ремонтом',1),(10318499917,'Можно выбрать технику для работы',1),(10318499917,'Офис в шаговой доступности',1),(10318499917,'Дружеская атмосфера',2),(10318499917,'Менеджеры дают обратную связь',2),(10318499917,'Много коллег, которые делятся опытом',2),(10318499917,'Есть карьерный рост',2),(10318499917,'Есть профессиональный рост',2),(10318499917,'Есть амбициозные задачи',3),(10318498610,'Занимается продуктовой разработкой',0),(10318498610,'Разрабатывает инструменты для разработчиков',0),(10318498610,'Занимается инновациями',0),(10318498610,'Растёт и нанимает много новых сотрудников',0),(10318498610,'Влияет на развитие человечества',0),(10318498610,'Есть миссия, стратегия и ценности',0),(10318498610,'Есть дух стартапа',0),(10318498610,'Платит зарплату выше средней по рынку',1),(10318498610,'Гибкий график',1),(10318498610,'Можно выбрать технику для работы',1),(10318498610,'Дружеская атмосфера',2),(10318498610,'Много коллег, которые делятся опытом',2),(10318498610,'Есть профессиональный рост',2),(10318498610,'Нет легаси',3),(10318498610,'Можно выбирать технологии и язык программирования',3),(10318498610,'Много экспертизы в интересующей технологии',3),(10318497216,'Занимается заказной разработкой',0),(10318497216,'Разрабатывает инструменты для разработчиков',0),(10318497216,'Вкладывается в науку',0),(10318497216,'Вкладывается в образование студентов и школьников',0),(10318497216,'Известна по всему миру',0),(10318497216,'Есть миссия, стратегия и ценности',0),(10318497216,'Есть дух стартапа',0),(10318497216,'Оплачивает медицинскую страховку',1),(10318497216,'Платит зарплату в валюте',1),(10318497216,'Офис с хорошим ремонтом',1),(10318496646,'Вкладывается в науку',0),(10318496646,'Есть клиенты по всему миру',0),(10318496646,'Влияет на развитие человечества',0),(10318496646,'Платит зарплату выше средней по рынку',1),(10318496646,'Удалённая работа',1),(10318496646,'Офис с хорошим ремонтом',1),(10318496646,'Дружеская атмосфера',2),(10318496646,'Есть профессиональный рост',2),(10318496646,'Можно поменять команду',2),(10318496646,'Есть амбициозные задачи',3),(10318496646,'Можно выбирать технологии и язык программирования',3),(10318496646,'Много экспертизы в интересующей технологии',3),(10318496582,'Занимается продуктовой разработкой',0),(10318496582,'Влияет на развитие человечества',0),(10318496582,'Есть дух стартапа',0),(10318496582,'Оплачивает обучения и конференции',1),(10318496582,'Платит зарплату выше средней по рынку',1),(10318496582,'Гибкий график',1),(10318496582,'Дружеская атмосфера',2),(10318496582,'Много коллег, которые делятся опытом',2),(10318496582,'Можно повлиять на развитие компании',2),(10318496582,'Есть карьерный рост',2),(10318496582,'Есть профессиональный рост',2),(10318496582,'Можно поменять команду',2),(10318496582,'Есть амбициозные задачи',3),(10318496582,'Нет легаси',3),(10318496582,'Много экспертизы в интересующей технологии',3),(10318496410,'Занимается продуктовой разработкой',0),(10318496410,'Вкладывается в образование студентов и школьников',0),(10318496410,'Есть миссия, стратегия и ценности',0),(10318496410,'Оплачивает обучения и конференции',1),(10318496410,'Платит зарплату в валюте',1),(10318496410,'Гибкий график',1),(10318496410,'Нет строгой иерархии',2),(10318496410,'Много коллег, которые делятся опытом',2),(10318496410,'Можно повлиять на развитие компании',2),(10318496410,'Нет легаси',3),(10318496410,'Можно выбирать технологии и язык программирования',3),(10318496410,'Сотрудники участвуют в жизни ИТ-сообщества',3),(10318496234,'Занимается продуктовой разработкой',0),(10318496234,'Известна в России',0),(10318496234,'Есть миссия, стратегия и ценности',0),(10318496234,'Платит зарплату выше средней по рынку',1),(10318496234,'Можно переехать в другую страну',1),(10318496234,'Можно выбрать технику для работы',1),(10318496234,'Нет строгой иерархии',2),(10318496234,'Много коллег, которые делятся опытом',2),(10318496234,'Можно выбрать команду при устройстве в компанию',2),(10318496234,'Можно выбирать технологии и язык программирования',3),(10318496234,'Внутренние профессиональные сообщества',3),(10318496234,'Сотрудники участвуют в жизни ИТ-сообщества',3),(10318496198,'Разрабатывает инструменты для разработчиков',0),(10318496198,'Вкладывается в науку',0),(10318496198,'Есть клиенты по всему миру',0),(10318496198,'Влияет на развитие человечества',0),(10318496198,'Есть миссия, стратегия и ценности',0),(10318496198,'Оплачивает медицинскую страховку',1),(10318496198,'Оплачивает обучения и конференции',1),(10318496198,'Платит премию за результат',1),(10318496198,'Можно переехать в другую страну',1),(10318496198,'Дружеская атмосфера',2),(10318496198,'Много коллег, которые делятся опытом',2),(10318496198,'Много коллег, которым можно передать опыт',2),(10318496198,'Можно запустить внутренний стартап',2),(10318496198,'Можно повлиять на развитие компании',2),(10318496198,'Есть карьерный рост',2),(10318496198,'Есть профессиональный рост',2),(10318496198,'Можно поменять команду',2),(10318496198,'Можно поменять специализацию',2),(10318496198,'Есть амбициозные задачи',3),(10318496198,'Можно выбирать технологии и язык программирования',3),(10318496198,'Много экспертизы в интересующей технологии',3),(10318496198,'Сотрудники участвуют в жизни ИТ-сообщества',3),(10318496198,'Сотрудники выступают на конференциях',3),(10318496198,'Сотрудники пишут open source',3),(10318496198,'Сотрудники преподают школьникам или студентам',3),(10318496146,'Занимается продуктовой разработкой',0),(10318496146,'Известна в России',0),(10318496146,'Есть миссия, стратегия и ценности',0),(10318496146,'Оплачивает обучения и конференции',1),(10318496146,'Платит зарплату выше средней по рынку',1),(10318496146,'Офис с хорошим ремонтом',1),(10318496146,'Дружеская атмосфера',2),(10318496146,'Много коллег, которые делятся опытом',2),(10318496146,'Есть профессиональный рост',2),(10318496146,'Есть амбициозные задачи',3),(10318496146,'Много экспертизы в интересующей технологии',3),(10318496146,'Сотрудники выступают на конференциях',3),(10310339449,'Занимается продуктовой разработкой',0),(10310339449,'Растёт и нанимает много новых сотрудников',0),(10310339449,'Есть миссия, стратегия и ценности',0),(10310339449,'Оплачивает медицинскую страховку',1),(10310339449,'Платит премию за результат',1),(10310339449,'Офис с хорошим ремонтом',1),(10310339449,'Нет строгой иерархии',2),(10310339449,'Менеджеры дают обратную связь',2),(10310339449,'Много коллег, которые делятся опытом',2),(10310339449,'Есть амбициозные задачи',3),(10310339449,'Можно выбирать технологии и язык программирования',3),(10310339449,'Много экспертизы в интересующей технологии',3),(10309999414,'Занимается продуктовой разработкой',0),(10309999414,'Занимается инновациями',0),(10309999414,'Влияет на развитие человечества',0),(10309999414,'Платит «белую» зарплату',1),(10309999414,'Гибкий график',1),(10309999414,'Офис с хорошим ремонтом',1),(10309999414,'Нет строгой иерархии',2),(10309999414,'Можно повлиять на развитие компании',2),(10309999414,'Можно поменять специализацию',2),(10309999414,'Есть амбициозные задачи',3),(10309999414,'Много экспертизы в интересующей технологии',3),(10309999414,'Сотрудники выступают на конференциях',3),(10309869850,'Занимается продуктовой разработкой',0),(10309869850,'Занимается инновациями',0),(10309869850,'Есть миссия, стратегия и ценности',0),(10309869850,'Платит «белую» зарплату',1),(10309869850,'Оплачивает медицинскую страховку',1),(10309869850,'Оплачивает обучения и конференции',1),(10309869850,'Много коллег, которые делятся опытом',2),(10309869850,'Есть карьерный рост',2),(10309869850,'Есть профессиональный рост',2),(10309869850,'Есть амбициозные задачи',3),(10309869850,'Внутренние профессиональные сообщества',3),(10309869850,'Сотрудники участвуют в жизни ИТ-сообщества',3),(10309763123,'Разрабатывает инструменты для разработчиков',0),(10309763123,'Есть миссия, стратегия и ценности',0),(10309763123,'Есть дух стартапа',0),(10309763123,'Оплачивает обучения и конференции',1),(10309763123,'Гибкий график',1),(10309763123,'Можно выбрать технику для работы',1),(10309763123,'Дружеская атмосфера',2),(10309763123,'Есть профессиональный рост',2),(10309763123,'Можно поменять специализацию',2),(10309763123,'Нет легаси',3),(10309763123,'Можно выбирать технологии и язык программирования',3),(10309763123,'Много экспертизы в интересующей технологии',3),(10309739128,'Гибкий график',1),(10309739128,'Удалённая работа',1),(10309739128,'Можно переехать в Москву или Санкт-Петербург',1),(10309739128,'Дружеская атмосфера',2),(10309739128,'Можно выбрать команду при устройстве в компанию',2),(10309739128,'Есть амбициозные задачи',3),(10309739128,'Можно выбирать технологии и язык программирования',3),(10309739128,'Много экспертизы в интересующей технологии',3),(10309738565,'Занимается продуктовой разработкой',0),(10309738565,'Известна в России',0),(10309738565,'Влияет на развитие человечества',0),(10309738565,'Платит зарплату выше средней по рынку',1),(10309738565,'Можно переехать в Москву или Санкт-Петербург',1),(10309738565,'Можно переехать в другую страну',1),(10309738565,'Можно повлиять на развитие компании',2),(10309738565,'Есть карьерный рост',2),(10309738565,'Есть профессиональный рост',2),(10309738565,'Нет легаси',3),(10309738565,'Внутренние профессиональные сообщества',3),(10309738565,'Сотрудники участвуют в жизни ИТ-сообщества',3),(10308993721,'Занимается продуктовой разработкой',0),(10308993721,'Вкладывается в образование студентов и школьников',0),(10308993721,'Есть миссия, стратегия и ценности',0),(10308993721,'Платит «белую» зарплату',1),(10308993721,'Оплачивает обучения и конференции',1),(10308993721,'Даёт опционы и акции сотрудникам',1),(10308993721,'Много коллег, которые делятся опытом',2),(10308993721,'Есть карьерный рост',2),(10308993721,'Есть профессиональный рост',2),(10308993721,'Много экспертизы в интересующей технологии',3),(10308993721,'Внутренние профессиональные сообщества',3),(10308993721,'Сотрудники выступают на конференциях',3),(10308942960,'Занимается инновациями',0),(10308942960,'Вкладывается в науку',0),(10308942960,'Влияет на развитие человечества',0),(10308942960,'Оплачивает обучения и конференции',1),(10308942960,'Платит зарплату выше средней по рынку',1),(10308942960,'Можно переехать в другую страну',1),(10308942960,'Дружеская атмосфера',2),(10308942960,'Много коллег, которые делятся опытом',2),(10308942960,'Есть профессиональный рост',2),(10308942960,'Есть амбициозные задачи',3),(10308942960,'Нет легаси',3),(10308942960,'Много экспертизы в интересующей технологии',3),(10307497737,'Известна в России',0),(10307497737,'Растёт и нанимает много новых сотрудников',0),(10307497737,'Есть миссия, стратегия и ценности',0),(10307497737,'Оплачивает обучения и конференции',1),(10307497737,'Платит зарплату выше средней по рынку',1),(10307497737,'Платит премию за результат',1),(10307497737,'Дружеская атмосфера',2),(10307497737,'Много коллег, которые делятся опытом',2),(10307497737,'Есть профессиональный рост',2),(10307497737,'Можно выбирать технологии и язык программирования',3),(10307497737,'Внутренние профессиональные сообщества',3),(10307497737,'Сотрудники участвуют в жизни ИТ-сообщества',3),(10307352111,'Есть клиенты по всему миру',0),(10307352111,'Растёт и нанимает много новых сотрудников',0),(10307352111,'Есть миссия, стратегия и ценности',0),(10307352111,'Оплачивает медицинскую страховку',1),(10307352111,'Оплачивает обучения и конференции',1),(10307352111,'Можно выбрать технику для работы',1),(10307352111,'Дружеская атмосфера',2),(10307352111,'Много коллег, которые делятся опытом',2),(10307352111,'Много коллег, которым можно передать опыт',2),(10307352111,'Можно выбирать технологии и язык программирования',3),(10307352111,'Много экспертизы в интересующей технологии',3),(10307352111,'Сотрудники участвуют в жизни ИТ-сообщества',3),(10306202296,'Есть миссия, стратегия и ценности',0),(10306202296,'Есть дух стартапа',0),(10306202296,'Платит «белую» зарплату',1),(10306202296,'Оплачивает обучения и конференции',1),(10306202296,'Даёт опционы и акции сотрудникам',1),(10306202296,'Нет строгой иерархии',2),(10306202296,'Дружеская атмосфера',2),(10306202296,'Много коллег, которые делятся опытом',2),(10306202296,'Можно повлиять на развитие компании',2),(10306202296,'Есть профессиональный рост',2),(10306202296,'Есть амбициозные задачи',3),(10306202296,'Сотрудники участвуют в жизни ИТ-сообщества',3),(10306202296,'Сотрудники выступают на конференциях',3),(10305988788,'Занимается заказной разработкой',0),(10305988788,'Занимается инновациями',0),(10305988788,'Есть клиенты по всему миру',0),(10305988788,'Есть миссия, стратегия и ценности',0),(10305988788,'Оплачивает медицинскую страховку',1),(10305988788,'Платит премию за результат',1),(10305988788,'Удалённая работа',1),(10305988788,'Можно переехать в другую страну',1),(10305988788,'Дружеская атмосфера',2),(10305988788,'Много коллег, которые делятся опытом',2),(10305988788,'Есть карьерный рост',2),(10305988788,'Есть профессиональный рост',2),(10305988788,'Можно выбирать технологии и язык программирования',3),(10305988788,'Сотрудники преподают школьникам или студентам',3),(10305240503,'Занимается инновациями',0),(10305240503,'Вкладывается в науку',0),(10305240503,'Влияет на развитие человечества',0),(10305240503,'Есть миссия, стратегия и ценности',0),(10305240503,'Платит зарплату выше средней по рынку',1),(10305240503,'Гибкий график',1),(10305240503,'Офис в шаговой доступности',1),(10305240503,'Дружеская атмосфера',2),(10305240503,'Есть карьерный рост',2),(10305240503,'Есть профессиональный рост',2),(10305240503,'Есть амбициозные задачи',3),(10305240503,'Можно выбирать технологии и язык программирования',3),(10305240503,'Много экспертизы в интересующей технологии',3),(10303975691,'Занимается продуктовой разработкой',0),(10303975691,'Растёт и нанимает много новых сотрудников',0),(10303975691,'Платит «белую» зарплату',1),(10303975691,'Оплачивает медицинскую страховку',1),(10303975691,'Оплачивает обучения и конференции',1),(10303975691,'Платит зарплату выше средней по рынку',1),(10303975691,'Даёт опционы и акции сотрудникам',1),(10303975691,'Гибкий график',1),(10303975691,'Можно переехать в другую страну',1),(10303975691,'Офис с хорошим ремонтом',1),(10303975691,'Можно выбрать технику для работы',1),(10303975691,'Дружеская атмосфера',2),(10303975691,'Менеджеры дают обратную связь',2),(10303975691,'Много коллег, которые делятся опытом',2),(10303975691,'Есть карьерный рост',2),(10303975691,'Есть профессиональный рост',2),(10303975691,'Можно поменять команду',2),(10303975691,'Можно поменять специализацию',2),(10303975691,'Есть амбициозные задачи',3),(10303975691,'Нет легаси',3),(10303975691,'Можно выбирать технологии и язык программирования',3),(10303975691,'Много экспертизы в интересующей технологии',3),(10303771566,'Занимается инновациями',0),(10303771566,'Влияет на развитие человечества',0),(10303771566,'Есть дух стартапа',0),(10303771566,'Оплачивает обучения и конференции',1),(10303771566,'Платит зарплату выше средней по рынку',1),(10303771566,'Удалённая работа',1),(10303771566,'Офис с хорошим ремонтом',1),(10303771566,'Офис в шаговой доступности',1),(10303771566,'Дружеская атмосфера',2),(10303771566,'Много коллег, которые делятся опытом',2),(10303771566,'Есть профессиональный рост',2),(10303771566,'Есть амбициозные задачи',3),(10303771566,'Нет легаси',3),(10303771566,'Можно выбирать технологии и язык программирования',3),(10303753729,'Занимается продуктовой разработкой',0),(10303753729,'Занимается инновациями',0),(10303753729,'Есть миссия, стратегия и ценности',0),(10303753729,'Платит зарплату выше средней по рынку',1),(10303753729,'Офис с хорошим ремонтом',1),(10303753729,'Можно выбрать технику для работы',1),(10303753729,'Много коллег, которые делятся опытом',2),(10303753729,'Есть карьерный рост',2),(10303753729,'Есть профессиональный рост',2),(10303753729,'Есть амбициозные задачи',3),(10303753729,'Много экспертизы в интересующей технологии',3),(10303753729,'Внутренние профессиональные сообщества',3),(10303718294,'Занимается инновациями',0),(10303718294,'Вкладывается в науку',0),(10303718294,'Известна по всему миру',0),(10303718294,'Платит зарплату выше средней по рынку',1),(10303718294,'Можно переехать в другую страну',1),(10303718294,'Много коллег, которые делятся опытом',2),(10303718294,'Есть карьерный рост',2),(10303718294,'Есть профессиональный рост',2),(10303718294,'Есть амбициозные задачи',3),(10303718294,'Много экспертизы в интересующей технологии',3),(10303718294,'Сотрудники участвуют в жизни ИТ-сообщества',3),(10303532564,'Занимается продуктовой разработкой',0),(10303532564,'Занимается инновациями',0),(10303532564,'Вкладывается в образование студентов и школьников',0),(10303532564,'Оплачивает обучения и конференции',1),(10303532564,'Платит зарплату выше средней по рынку',1),(10303532564,'Платит премию за результат',1),(10303532564,'Много коллег, которым можно передать опыт',2),(10303532564,'Можно повлиять на развитие компании',2),(10303532564,'Есть профессиональный рост',2),(10303532564,'Есть амбициозные задачи',3),(10303532564,'Сотрудники участвуют в жизни ИТ-сообщества',3),(10303532564,'Сотрудники выступают на конференциях',3),(10303462647,'Разрабатывает инструменты для разработчиков',0),(10303462647,'Занимается инновациями',0),(10303462647,'Растёт и нанимает много новых сотрудников',0),(10303462647,'Платит «белую» зарплату',1),(10303462647,'Оплачивает обучения и конференции',1),(10303462647,'Можно переехать в другую страну',1),(10303462647,'Много коллег, которые делятся опытом',2),(10303462647,'Можно повлиять на развитие компании',2),(10303462647,'Есть карьерный рост',2),(10303462647,'Сотрудники участвуют в жизни ИТ-сообщества',3),(10303462647,'Сотрудники выступают на конференциях',3),(10303462647,'Сотрудники пишут open source',3),(10303451846,'Занимается инновациями',0),(10303451846,'Известна по всему миру',0),(10303451846,'Есть миссия, стратегия и ценности',0),(10303451846,'Оплачивает обучения и конференции',1),(10303451846,'Платит зарплату выше средней по рынку',1),(10303451846,'Можно переехать в другую страну',1),(10303451846,'Дружеская атмосфера',2),(10303451846,'Много коллег, которые делятся опытом',2),(10303451846,'Есть профессиональный рост',2),(10303451846,'Можно выбирать технологии и язык программирования',3),(10303451846,'Внутренние профессиональные сообщества',3),(10303451846,'Сотрудники выступают на конференциях',3),(10303429036,'Занимается инновациями',0),(10303429036,'Влияет на развитие человечества',0),(10303429036,'Есть миссия, стратегия и ценности',0),(10303429036,'Оплачивает медицинскую страховку',1),(10303429036,'Гибкий график',1),(10303429036,'Удалённая работа',1),(10303429036,'Дружеская атмосфера',2),(10303429036,'Менеджеры дают обратную связь',2),(10303429036,'Есть профессиональный рост',2),(10303429036,'Есть амбициозные задачи',3),(10303429036,'Нет легаси',3),(10303429036,'Много экспертизы в интересующей технологии',3),(10303362203,'Занимается инновациями',0),(10303362203,'Влияет на развитие человечества',0),(10303362203,'Платит зарплату выше средней по рынку',1),(10303362203,'Гибкий график',1),(10303362203,'Офис с хорошим ремонтом',1),(10303362203,'Дружеская атмосфера',2),(10303362203,'Есть профессиональный рост',2),(10303362203,'Есть амбициозные задачи',3),(10303362203,'Можно выбирать технологии и язык программирования',3),(10303362203,'Сотрудники участвуют в жизни ИТ-сообщества',3),(10303286326,'Занимается продуктовой разработкой',0),(10303286326,'Разрабатывает инструменты для разработчиков',0),(10303286326,'Влияет на развитие человечества',0),(10303286326,'Платит зарплату выше средней по рынку',1),(10303286326,'Гибкий график',1),(10303286326,'Удалённая работа',1),(10303286326,'Дружеская атмосфера',2),(10303286326,'Менеджеры дают обратную связь',2),(10303286326,'Есть профессиональный рост',2),(10303286326,'Есть амбициозные задачи',3),(10303286326,'Много экспертизы в интересующей технологии',3),(10303286326,'Внутренние профессиональные сообщества',3),(10303221627,'Есть клиенты по всему миру',0),(10303221627,'Влияет на развитие человечества',0),(10303221627,'Есть дух стартапа',0),(10303221627,'Платит «белую» зарплату',1),(10303221627,'Оплачивает медицинскую страховку',1),(10303221627,'Удалённая работа',1),(10303221627,'Можно запустить внутренний стартап',2),(10303221627,'Есть карьерный рост',2),(10303221627,'Можно поменять специализацию',2),(10303221627,'Есть амбициозные задачи',3),(10303221627,'Можно выбирать технологии и язык программирования',3),(10303221627,'Сотрудники участвуют в жизни ИТ-сообщества',3),(10303218929,'Занимается продуктовой разработкой',0),(10303218929,'Разрабатывает инструменты для разработчиков',0),(10303218929,'Занимается инновациями',0),(10303218929,'Платит «белую» зарплату',1),(10303218929,'Удалённая работа',1),(10303218929,'Можно выбрать технику для работы',1),(10303218929,'Много коллег, которые делятся опытом',2),(10303218929,'Можно повлиять на развитие компании',2),(10303218929,'Есть профессиональный рост',2),(10303218929,'Есть амбициозные задачи',3),(10303218929,'Внутренние профессиональные сообщества',3),(10303218929,'Сотрудники участвуют в жизни ИТ-сообщества',3),(10303208999,'Вкладывается в науку',0),(10303208999,'Влияет на развитие человечества',0),(10303208999,'Есть миссия, стратегия и ценности',0),(10303208999,'Оплачивает медицинскую страховку',1),(10303208999,'Оплачивает обучения и конференции',1),(10303208999,'Платит зарплату в валюте',1),(10303208999,'Платит зарплату выше средней по рынку',1),(10303208999,'Можно переехать в другую страну',1),(10303208999,'Офис с хорошим ремонтом',1),(10303208999,'Дружеская атмосфера',2),(10303208999,'Много коллег, которые делятся опытом',2),(10303208999,'Есть карьерный рост',2),(10303208999,'Есть профессиональный рост',2),(10303208999,'Внутренние профессиональные сообщества',3),(10303208999,'Сотрудники участвуют в жизни ИТ-сообщества',3),(10303208999,'Сотрудники выступают на конференциях',3),(10303208091,'Занимается инновациями',0),(10303208091,'Вкладывается в науку',0),(10303208091,'Влияет на развитие человечества',0),(10303208091,'Платит «белую» зарплату',1),(10303208091,'Оплачивает обучения и конференции',1),(10303208091,'Платит зарплату выше средней по рынку',1),(10303208091,'Есть карьерный рост',2),(10303208091,'Есть профессиональный рост',2),(10303208091,'Можно поменять специализацию',2),(10303208091,'Есть амбициозные задачи',3),(10303208091,'Сотрудники участвуют в жизни ИТ-сообщества',3),(10303208091,'Сотрудники выступают на конференциях',3),(10303200875,'Влияет на развитие человечества',0),(10303200875,'Есть миссия, стратегия и ценности',0),(10303200875,'Есть дух стартапа',0),(10303200875,'Оплачивает обучения и конференции',1),(10303200875,'Платит зарплату выше средней по рынку',1),(10303200875,'Платит премию за результат',1),(10303200875,'Много коллег, которые делятся опытом',2),(10303200875,'Есть карьерный рост',2),(10303200875,'Есть профессиональный рост',2),(10303200875,'Есть амбициозные задачи',3),(10303200875,'Много экспертизы в интересующей технологии',3),(10303200875,'Сотрудники выступают на конференциях',3),(10303200395,'Растёт и нанимает много новых сотрудников',0),(10303200395,'Влияет на развитие человечества',0),(10303200395,'Есть миссия, стратегия и ценности',0),(10303200395,'Платит «белую» зарплату',1),(10303200395,'Гибкий график',1),(10303200395,'Можно переехать в Москву или Санкт-Петербург',1),(10303200395,'Можно переехать в другую страну',1),(10303200395,'Дружеская атмосфера',2),(10303200395,'Много коллег, которые делятся опытом',2),(10303200395,'Есть профессиональный рост',2),(10303200395,'Есть амбициозные задачи',3),(10303200395,'Нет легаси',3),(10303200395,'Можно выбирать технологии и язык программирования',3),(10303200298,'Занимается продуктовой разработкой',0),(10303200298,'Занимается инновациями',0),(10303200298,'Есть миссия, стратегия и ценности',0),(10303200298,'Платит зарплату выше средней по рынку',1),(10303200298,'Даёт опционы и акции сотрудникам',1),(10303200298,'Удалённая работа',1),(10303200298,'Много коллег, которые делятся опытом',2),(10303200298,'Есть карьерный рост',2),(10303200298,'Есть профессиональный рост',2),(10303200298,'Есть амбициозные задачи',3),(10303200298,'Много экспертизы в интересующей технологии',3),(10303200298,'Сотрудники участвуют в жизни ИТ-сообщества',3),(10303187855,'Занимается продуктовой разработкой',0),(10303187855,'Занимается заказной разработкой',0),(10303187855,'Есть миссия, стратегия и ценности',0),(10303187855,'Гибкий график',1),(10303187855,'Удалённая работа',1),(10303187855,'Офис в шаговой доступности',1),(10303187855,'Есть карьерный рост',2),(10303187855,'Есть профессиональный рост',2),(10303187855,'Можно поменять команду',2),(10303187855,'Есть амбициозные задачи',3),(10303187855,'Сотрудники участвуют в жизни ИТ-сообщества',3),(10303187855,'Сотрудники преподают школьникам или студентам',3),(10303184333,'Занимается продуктовой разработкой',0),(10303184333,'Занимается инновациями',0),(10303184333,'Есть клиенты по всему миру',0),(10303184333,'Влияет на развитие человечества',0),(10303184333,'Есть миссия, стратегия и ценности',0),(10303184333,'Оплачивает обучения и конференции',1),(10303184333,'Даёт опционы и акции сотрудникам',1),(10303184333,'Гибкий график',1),(10303184333,'Можно переехать в другую страну',1),(10303184333,'Офис с хорошим ремонтом',1),(10303184333,'Дружеская атмосфера',2),(10303184333,'Можно запустить внутренний стартап',2),(10303184333,'Можно повлиять на развитие компании',2),(10303184333,'Есть профессиональный рост',2),(10303184333,'Есть амбициозные задачи',3),(10303184333,'Сотрудники выступают на конференциях',3),(10303184333,'Сотрудники пишут open source',3),(10302834073,'Разрабатывает инструменты для разработчиков',0),(10302834073,'Вкладывается в науку',0),(10302834073,'Влияет на развитие человечества',0),(10302834073,'Платит «белую» зарплату',1),(10302834073,'Гибкий график',1),(10302834073,'Удалённая работа',1),(10302834073,'Много коллег, которые делятся опытом',2),(10302834073,'Много коллег, которым можно передать опыт',2),(10302834073,'Есть профессиональный рост',2),(10302834073,'Есть амбициозные задачи',3),(10302834073,'Можно выбирать технологии и язык программирования',3),(10302834073,'Сотрудники пишут open source',3),(10302493102,'Есть клиенты по всему миру',0),(10302493102,'Известна по всему миру',0),(10302493102,'Растёт и нанимает много новых сотрудников',0),(10302493102,'Платит зарплату выше средней по рынку',1),(10302493102,'Гибкий график',1),(10302493102,'Офис с хорошим ремонтом',1),(10302493102,'Нет строгой иерархии',2),(10302493102,'Дружеская атмосфера',2),(10302493102,'Есть профессиональный рост',2),(10302493102,'Нет легаси',3),(10302493102,'Можно выбирать технологии и язык программирования',3),(10302493102,'Сотрудники преподают школьникам или студентам',3),(10302487302,'Занимается продуктовой разработкой',0),(10302487302,'Занимается инновациями',0),(10302487302,'Вкладывается в образование студентов и школьников',0),(10302487302,'Платит зарплату выше средней по рынку',1),(10302487302,'Гибкий график',1),(10302487302,'Удалённая работа',1),(10302487302,'Дружеская атмосфера',2),(10302487302,'Можно повлиять на развитие компании',2),(10302487302,'Есть профессиональный рост',2),(10302487302,'Много экспертизы в интересующей технологии',3),(10302487302,'Сотрудники участвуют в жизни ИТ-сообщества',3),(10302487302,'Сотрудники пишут open source',3),(10302374735,'Занимается инновациями',0),(10302374735,'Вкладывается в образование студентов и школьников',0),(10302374735,'Есть клиенты по всей России',0),(10302374735,'Известна по всему миру',0),(10302374735,'Растёт и нанимает много новых сотрудников',0),(10302374735,'Есть дух стартапа',0),(10302374735,'Платит «белую» зарплату',1),(10302374735,'Оплачивает медицинскую страховку',1),(10302374735,'Платит премию за результат',1),(10302374735,'Гибкий график',1),(10302374735,'Можно выбрать технику для работы',1),(10302374735,'Дружеская атмосфера',2),(10302374735,'Много коллег, которые делятся опытом',2),(10302374735,'Можно повлиять на развитие компании',2),(10302374735,'Есть карьерный рост',2),(10302374735,'Можно поменять специализацию',2),(10302374735,'Много экспертизы в интересующей технологии',3),(10302374735,'Сотрудники участвуют в жизни ИТ-сообщества',3),(10302374735,'Сотрудники выступают на конференциях',3);
/*!40000 ALTER TABLE `data_to_factors` ENABLE KEYS */;
UNLOCK TABLES;

--
-- Table structure for table `data_to_languages`
--

DROP TABLE IF EXISTS `data_to_languages`;
/*!40101 SET @saved_cs_client     = @@character_set_client */;
/*!40101 SET character_set_client = utf8 */;
CREATE TABLE `data_to_languages` (
  `respondent_id` varchar(50) NOT NULL,
  `language` varchar(50) DEFAULT NULL,
  PRIMARY KEY (`respondent_id`)
) ENGINE=InnoDB DEFAULT CHARSET=utf8mb4;
/*!40101 SET character_set_client = @saved_cs_client */;

--
-- Dumping data for table `data_to_languages`
--

LOCK TABLES `data_to_languages` WRITE;
/*!40000 ALTER TABLE `data_to_languages` DISABLE KEYS */;
INSERT INTO `data_to_languages` VALUES ('10302374735','C#'),('10302487302','Python'),('10302493102','C#'),('10302834073','C#'),('10303184333','C#'),('10303187855','C#'),('10303200298','Python'),('10303200395','C#'),('10303200875','JavaScript'),('10303208091','C#'),('10303208999','Scala'),('10303218929','Python'),('10303221627','JavaScript'),('10303286326','TypeScript'),('10303362203','JavaScript'),('10303429036','C#'),('10303451846','C#'),('10303462647','JavaScript'),('10303532564','JavaScript'),('10303718294','C#'),('10303753729','JavaScript'),('10303771566','TypeScript'),('10303975691','JavaScript'),('10305240503','C#'),('10305988788','PHP'),('10306202296','C#'),('10307352111','VBA'),('10307497737','не пишу код'),('10308942960','JavaScript'),('10308993721','C#'),('10309738565','JavaScript'),('10309739128','Python'),('10309763123','Java'),('10309869850','C#'),('10309999414','C#'),('10310339449','JavaScript'),('10318496146','TypeScript'),('10318496198','JavaScript'),('10318496234','C#'),('10318496410','JavaScript'),('10318496582','C#'),('10318496646','JavaScript'),('10318497216','C#'),('10318498610','F#'),('10318499917','C#'),('10318500997','TypeScript'),('10318502365','C#'),('10318502685','JavaScript'),('10318505967','JavaScript'),('10318509180','TypeScript'),('10318515260','C#'),('10318517200','C#'),('10318520021','JavaScript'),('10318524468','C#'),('10318525009','TypeScript'),('10318536469','PHP'),('10318548838','C#'),('10318559756','C#'),('10318579217','C#'),('10318601842','JavaScript'),('10318606102','Python'),('10318648983','JavaScript'),('10318666519','TypeScript'),('10318694833','Java'),('10318744314','JavaScript'),('10318752351','JavaScript'),('10318904415','JavaScript'),('10319578625','JavaScript'),('10319672213','TypeScript'),('10319872776','C#'),('10320164461','JavaScript'),('10320172172','TypeScript'),('10320196998','TypeScript'),('10321007386','JavaScript'),('10321246046','не пишу код'),('10321340041','C#'),('10322509719','JavaScript'),('10322779387','JavaScript'),('10323779620','JavaScript'),('10323986972','C#'),('10326945978','C#'),('10331305159','JavaScript'),('10331325853','PHP'),('10331328310','C#'),('10331333264','C#'),('10331364746','C#'),('10331450851','C#'),('10331477338','Python'),('10331497916','Python'),('10331503530','JavaScript'),('10331577594','Kotlin'),('10331605111','Java'),('10331622145','C#'),('10331667693','JavaScript'),('10331691426','JavaScript'),('10331780104','C#'),('10332869017','C#'),('10333035934','C#'),('10333668201','TypeScript'),('10334391350','C#'),('10337325482','TypeScript'),('10338469088','JavaScript'),('10359999480','TypeScript'),('10362173034','JavaScript'),('10370419288','JavaScript'),('10391607005','не пишу код'),('10393142376','C#'),('10394816554','JavaScript'),('10397455468','C#');
/*!40000 ALTER TABLE `data_to_languages` ENABLE KEYS */;
UNLOCK TABLES;
/*!40103 SET TIME_ZONE=@OLD_TIME_ZONE */;

/*!40101 SET SQL_MODE=@OLD_SQL_MODE */;
/*!40014 SET FOREIGN_KEY_CHECKS=@OLD_FOREIGN_KEY_CHECKS */;
/*!40014 SET UNIQUE_CHECKS=@OLD_UNIQUE_CHECKS */;
/*!40101 SET CHARACTER_SET_CLIENT=@OLD_CHARACTER_SET_CLIENT */;
/*!40101 SET CHARACTER_SET_RESULTS=@OLD_CHARACTER_SET_RESULTS */;
/*!40101 SET COLLATION_CONNECTION=@OLD_COLLATION_CONNECTION */;
/*!40111 SET SQL_NOTES=@OLD_SQL_NOTES */;

-- Dump completed on 2018-12-30  2:22:42
